"gene_name","gene_id","0","20","40","60","80","100","120","140","160","180"
"Lobe","FBgn0001332"," 1.7735859"," 1.7575649"," 0.116312892","-0.30060146","-0.316034147","-0.297288074","-0.686757364","-0.42821399","-0.30513877","-1.31342994"
"mu2","FBgn0002872"," 1.2568997"," 1.2773123"," 1.101744576"," 0.87233423","-0.236265244","-0.713573003","-0.872563286","-1.06548470","-0.95052483","-0.66987972"
"ncd","FBgn0002924"," 1.9445905"," 0.9646203","-0.038159217"," 0.66756005","-0.370846001"," 0.431185382","-0.856857600","-1.19005596","-1.06122673","-0.49081067"
"RnrS","FBgn0011704"," 1.4904910"," 0.7796861"," 1.146472038"," 0.91749657","-0.324815891","-0.364573716","-0.347368710","-0.99826109","-1.06088546","-1.23824087"
"Aldh","FBgn0012036"," 0.9184477"," 1.3222867"," 0.878193620"," 0.17799561"," 0.295604425"," 0.218607221"," 0.204904568","-1.16199709","-1.37736707","-1.47667566"
"IKKbeta","FBgn0024222"," 1.6135135"," 1.4133837"," 0.073909369"," 0.96931953","-0.198875068","-0.525698024","-0.389559892","-1.10591542","-0.76415290","-1.08592477"
"CG3164","FBgn0025683"," 1.4312710"," 0.5642726"," 1.463407020"," 0.34248210"," 0.042133466","-0.018261088","-0.245918306","-1.11056199","-1.11046680","-1.35835806"
"Gmap","FBgn0027287"," 1.2182464"," 1.4340441"," 0.746259605"," 0.70334959"," 0.102239995","-0.779871564","-0.448905855","-0.41772161","-1.54562125","-1.01201949"
"cindr","FBgn0027598"," 1.2486158"," 1.3974966"," 1.382178111"," 0.06319925"," 0.060912753","-0.609693431","-0.787363365","-0.76225207","-1.07048781","-0.92260582"
"CG4239","FBgn0030745"," 0.8112328"," 0.9066121"," 1.461598627"," 0.56503574"," 0.066067629"," 0.082683164","-0.430202781","-0.43108795","-1.30863001","-1.72330926"
"RhoGAP15B","FBgn0030808"," 1.0812348"," 1.2113504"," 1.531903929","-0.01383868"," 0.266606669","-0.173199680","-1.083872668","-1.07436879","-0.69602104","-1.04979498"
"Hrs","FBgn0031450"," 0.8829483"," 1.4999468"," 0.882790495"," 1.07373437","-0.029269107","-0.663186624","-0.628526897","-0.77428976","-0.91592548","-1.32822210"
"LRR","FBgn0033212"," 0.8057988"," 1.2922831"," 0.979516111"," 0.60086187"," 0.971040721","-0.862093859","-1.031589647","-0.69056909","-1.01861330","-1.04663467"
"CG8777","FBgn0033376"," 1.6349209"," 1.3463537"," 0.505428620"," 0.28606514"," 0.522412294","-0.753501821","-0.953731252","-0.51197058","-1.10811905","-0.96785804"
"Etf-QO","FBgn0033465"," 1.8307883"," 0.9017552"," 0.345978373"," 0.79056309"," 0.156619644","-0.270565572","-0.980349594","-1.01977680","-1.35266971","-0.40234294"
"CG8613","FBgn0033924"," 1.3900998"," 1.2095178","-0.124979785"," 1.12057117","-0.044253601"," 0.154846153","-0.937043823","-1.62554418","-0.83000599","-0.31320752"
"CG3386","FBgn0035152"," 2.0287244"," 1.2270246"," 0.316986837"," 0.07083262","-0.685742162","-0.844177135","-0.152638631","-0.25580517","-1.37591672","-0.32928865"
"CG4080","FBgn0035983"," 1.6021055"," 1.0031869"," 1.253613083","-0.38807004"," 0.252721382","-0.261833705","-0.595917427","-0.95031742","-0.46808289","-1.44740542"
"CG5059","FBgn0037007"," 1.2514939"," 1.3523748"," 0.641718866"," 0.45357344"," 0.174335276"," 0.372662592","-0.582359830","-1.27081618","-1.17721159","-1.21577120"
"CG10365","FBgn0039109"," 2.0072039"," 1.4913938","-0.406467353","-0.10431352","-0.695755820","-0.498438688","-0.296058823"," 0.19711580","-0.47599862","-1.21868068"
"CG32772","FBgn0052772"," 1.8878133"," 1.3197824"," 0.475475551"," 0.09755304","-0.124694216","-0.331585843","-0.207986652","-0.90087579","-1.21780677","-0.99767493"
"Cap-G","FBgn0259876"," 1.8437448"," 1.5757700","-0.527351910"," 0.24811543","-0.202299074"," 0.147185328","-0.316630786","-0.93219692","-0.74497577","-1.09136112"
"whd","FBgn0261862"," 1.4748541"," 1.1771749"," 1.121157012"," 0.63059764","-0.544318406","-0.524128017","-1.321325253","-0.59200535","-0.94122429","-0.48078231"
"mv","FBgn0265988"," 1.3099853"," 1.4201977"," 1.339755067","-0.08323503","-0.352097671","-0.837085880","-1.324613198","-0.72431919","-0.57552711","-0.17306003"
"drongo","FBgn0020304"," 1.4222540"," 0.5932451"," 0.007109488"," 1.61853570","-0.059687843","-0.064272156","-0.827399851","-0.48296695","-0.53552552","-1.67129194"
"ImpL2","FBgn0001257","-1.7287873","-1.6152626","-0.714473768"," 0.33575316"," 0.511512988"," 0.456919601"," 1.091530259"," 0.76226688"," 0.70583014"," 0.19471055"
"sty","FBgn0014388","-2.2917372","-1.3028746","-0.112644453"," 0.40216528"," 0.599921950"," 0.617361958"," 0.505964154"," 0.51792421"," 0.38232019"," 0.68159853"
"Ptpmeg2","FBgn0028341","-2.1117865","-1.1599416","-0.673764891"," 0.46726179"," 0.982055010"," 0.419435952"," 0.827774600"," 0.69543424"," 0.10326652"," 0.45026488"
"CG32103","FBgn0052103","-2.2594276","-1.2108797","-0.291867335"," 0.21178313"," 0.368954930"," 0.551370945"," 0.412936012"," 0.58358719"," 0.89819655"," 0.73534593"
"Orct2","FBgn0086365","-2.0886375","-1.1688054","-0.028130080"," 0.42500301"," 0.844684818"," 1.190380564"," 0.815502272"," 0.22312940"," 0.22662400","-0.43975109"
"cwo","FBgn0259938","-2.5046232","-0.7966658"," 0.535516662"," 1.02233753"," 0.430497042"," 0.042578631"," 0.588785654"," 0.23187463"," 0.41398476"," 0.03571416"
"CG42668","FBgn0261550","-2.1674046","-1.3462674","-0.375198610"," 0.22851788"," 0.635931741"," 0.591212551"," 0.459750380"," 0.75640492"," 0.51142392"," 0.70562916"
"Irk1","FBgn0265042","-1.9010072","-1.4117056","-0.752006384"," 0.30840013"," 0.623180336"," 0.226025926"," 0.827818422"," 0.36668090"," 0.91518261"," 0.79743083"
"CG12535","FBgn0029657","-0.4596122","-1.9782720","-0.018648520","-0.42054808","-0.902090454"," 1.444404988"," 0.186129137"," 0.69102399"," 1.06305105"," 0.39456213"
"CG1673","FBgn0030482","-1.9924230","-0.8774871","-0.666234297"," 0.89849522"," 0.267924868"," 1.107409575"," 0.302268259"," 0.94823436"," 0.60606492","-0.59425287"
"Sesn","FBgn0034897","-1.6934440","-1.5071304","-0.907515001","-0.04803710"," 0.703708911"," 0.716179035"," 0.894937653"," 0.85495372"," 0.42799621"," 0.55835095"
"CG5346","FBgn0038981","-1.4652205","-1.6071993","-1.045882085","-0.06050580"," 0.405959642"," 0.675017748"," 0.888353032"," 0.92018736"," 0.85080848"," 0.43848139"
"Taz","FBgn0026619","-0.6274343","-1.3786993","-1.165891065","-0.80378891","-0.522728068"," 0.690552187"," 1.084907937"," 0.61107637"," 1.34695497"," 0.76505014"
"Rbm13","FBgn0030067","-1.2661240","-0.6660591","-1.272111093","-0.95207269"," 0.053255250"," 0.039958532"," 0.889431999"," 1.24025222"," 1.30265700"," 0.63081180"
"CG6767","FBgn0036030","-1.2334512","-1.2378330","-0.577503567","-0.92479018","-0.473427587"," 0.578569029"," 1.507536976"," 0.63501263"," 0.99235147"," 0.73353546"
"chrb","FBgn0036165","-2.1519962","-1.5350978"," 0.593558945"," 0.01529746"," 0.424855187"," 0.703589061"," 0.455389077"," 0.36635964"," 0.62085833"," 0.50718626"
"CG31381","FBgn0043799","-1.7693561","-1.0109207","-0.711035313","-0.33526167","-0.268033238"," 0.291610273"," 0.429765377"," 0.87290883"," 1.25701997"," 1.24330254"
"snoRNA:U3:9B","FBgn0065046","-0.4251421","-0.3821593","-0.308872345","-0.47931190","-0.310598054","-0.408959100"," 0.031705528"," 2.80947767","-0.10218843","-0.42395193"
"snoRNA:Psi28S-291","FBgn0065064","-1.0115892","-0.4113270","-0.224161197","-0.18463458","-0.634183327","-0.402842397"," 0.001487641"," 2.54757014"," 0.71548158","-0.39580165"
"RNaseMRP:RNA","FBgn0065098","-0.4664684","-0.5322135","-0.263881711","-0.31685684","-0.194017031","-0.457627272","-0.372587829"," 2.81235594","-0.02652915","-0.18217416"
"28SrRNA-Psi:CR40596","FBgn0085753","-0.3656947","-0.3984601","-0.216735474","-0.40547515","-0.318418232","-0.278621473","-0.263100740"," 2.84098011","-0.29839122","-0.29608300"
"CR40668","FBgn0085764","-0.3236137","-0.3271513","-0.343752583","-0.33498233","-0.303515948","-0.321629746","-0.302482239"," 2.84550027","-0.27367759","-0.31469480"
"28SrRNA-Psi:CR40741","FBgn0085771","-0.4066307","-0.3985465","-0.390498704","-0.40857000","-0.405039746","-0.408509821"," 0.197078889"," 2.79535811","-0.22615499","-0.34848655"
"CR41535","FBgn0085795","-0.4410045","-0.5261761","-0.320003614","-0.20996633","-0.344271228","-0.391006802","-0.097701939"," 2.82180499","-0.34005930","-0.15161512"
"CR41544","FBgn0085799","-0.4250091","-0.4163807","-0.350277449","-0.41259356","-0.387528369","-0.356979911","-0.373424516"," 0.32265863","-0.37392493"," 2.77345984"
"28SrRNA-Psi:CR41609","FBgn0085819","-0.3652261","-0.3680080","-0.275285276","-0.37180151","-0.335718443","-0.370547272","-0.164548054"," 2.83924086","-0.23996833","-0.34813786"
"28SrRNA-Psi:CR45848","FBgn0267508","-0.3777895","-0.3644531","-0.254919202","-0.32515319","-0.340727445","-0.320441434","-0.190247284"," 2.84164726","-0.31454697","-0.35336908"
"28SrRNA-Psi:CR45851","FBgn0267511","-0.4126376","-0.4154532","-0.399305272","-0.40982643","-0.406392778","-0.409462751","-0.313502326"," 0.43508260","-0.41402798"," 2.74552578"
"bbc","FBgn0033844","-1.4299829","-0.9245318","-1.431231544","-0.29911746"," 0.099250480"," 0.734687180"," 0.521375286"," 1.51727648"," 0.83429753"," 0.37797677"
"Cyt-c-p","FBgn0000409","-1.1309933","-1.2596175","-1.195751209","-0.34768094","-0.251823887"," 0.137841792"," 0.627518580"," 1.21261238"," 0.78812056"," 1.41977354"
"kz","FBgn0001330","-1.5313695","-1.2399805","-0.828014767","-0.38729314","-0.364882163"," 0.555031090"," 0.614921763"," 0.81992619"," 1.15415040"," 1.20751064"
"Mtr4","FBgn0001986","-1.3192987","-1.3126767","-0.722309185","-0.64913370","-0.361693303"," 0.811483565"," 0.229635230"," 0.90875775"," 1.14187165"," 1.27336337"
"Men","FBgn0002719","-1.5184068","-1.3133813","-1.069177881","-0.30607819"," 0.231292406"," 0.566881788"," 0.384284393"," 0.68087835"," 1.16722658"," 1.17648057"
"mod","FBgn0002780","-0.9542537","-1.0287412","-1.093075913","-0.83159085","-0.217241905"," 0.135189775"," 0.457690284"," 0.70940319"," 0.97373903"," 1.84888125"
"Fib","FBgn0003062","-0.8837007","-0.9341259","-1.274507350","-0.60347852","-0.446806261"," 0.048177019"," 0.463722964"," 0.91078112"," 0.90588849"," 1.81404918"
"r-l","FBgn0003257","-1.1701538","-0.7885971","-1.171179005","-0.68041990","-0.298162094"," 0.267506769"," 0.465451650"," 0.59690893"," 0.85062732"," 1.92801722"
"Prat","FBgn0004901","-1.0256169","-1.2462891","-1.064891859","-0.68935789"," 0.215946651"," 0.524895529"," 0.569769318"," 0.69180710"," 0.11394705"," 1.90979008"
"Dbp45A","FBgn0010220","-1.3328243","-0.6912693","-0.926756461","-0.04004641","-0.180534482"," 0.235295452","-0.113553066"," 0.14650065"," 0.57162760"," 2.33156030"
"ppan","FBgn0010770","-1.2096286","-0.5646923","-1.199847393","-0.70913991","-0.045629137"," 0.101248224"," 0.415400790"," 0.33316094"," 0.79348572"," 2.08564169"
"peng","FBgn0015527","-1.0172133","-0.8742880","-1.234888068","-0.80847261"," 0.004523282"," 0.236853135"," 0.154384624"," 0.80156234"," 0.84302912"," 1.89450951"
"Pdp1","FBgn0016694","-1.0270314","-1.3754396","-0.772671598","-0.94178010","-0.252644424"," 0.710705410"," 0.928381735"," 1.13254273"," 1.33712408"," 0.26081312"
"RpI1","FBgn0019938","-1.0667710","-1.0003362","-1.238899441","-0.67492431"," 0.098028518","-0.027601457"," 0.360560333"," 0.84890784"," 0.92500890"," 1.77602683"
"Pi3K21B","FBgn0020622","-1.9139943","-1.5747494","-0.344980588"," 0.10283534"," 0.719110310"," 0.326831474"," 0.239173398"," 0.73320026"," 1.00124210"," 0.71133147"
"Rtc1","FBgn0020909","-1.3590781","-0.7303429","-1.023001826","-0.42477488","-0.540761674"," 0.275339958"," 0.216286367"," 0.76545480"," 0.95605683"," 1.86482140"
"Nle","FBgn0021874","-0.8188761","-0.7564600","-1.469247442","-0.93194631","-0.021016577","-0.204125975"," 0.626118719"," 1.26968722"," 1.04057498"," 1.26529148"
"Nnp-1","FBgn0022069","-1.0121574","-0.9204688","-1.297984302","-0.76987902","-0.151366771"," 0.181741092"," 0.722385361"," 0.53636687"," 0.96224696"," 1.74911598"
"l(2)09851","FBgn0022288","-0.8150644","-0.9152830","-1.569349392","-0.38209521","-0.244128675","-0.050336477"," 0.607088441"," 0.74452200"," 0.83290432"," 1.79174247"
"B4","FBgn0023407","-2.0826784","-1.2204479","-0.493443158","-0.06639373"," 0.408149226"," 0.416814423"," 0.368728665"," 0.67327325"," 0.95627099"," 1.03972662"
"Nmd3","FBgn0023542","-0.8593658","-1.1224518","-1.466933916","-0.51240747"," 0.126509421"," 0.071136468"," 0.668925732"," 0.45355614"," 0.85933599"," 1.78169519"
"CG11417","FBgn0024364","-1.1268150","-0.8290974","-0.929163557","-0.88077888","-0.156974296","-0.038681103"," 0.092979520"," 0.83021757"," 1.34019772"," 1.69811536"
"CG16833","FBgn0026147","-1.3123267","-1.1652282","-1.042875400","-0.41081131","-0.588067088"," 0.612352729"," 0.765790499"," 1.05055805"," 0.86164475"," 1.22896264"
"nop5","FBgn0026196","-1.0182787","-1.0961910","-1.183421560","-0.58078632","-0.242663399"," 0.093846149"," 0.410074668"," 0.73591299"," 1.22314067"," 1.65836652"
"l(1)G0004","FBgn0027334","-0.9951670","-0.7162007","-1.224095620","-0.86732585","-0.284958488"," 0.278581771"," 0.431325228"," 0.95847172"," 0.48310234"," 1.93626662"
"GABA-B-R2","FBgn0027575","-1.5401061","-0.6315892","-0.970824343","-0.56985029","-0.508189020"," 0.266816369"," 0.480422990"," 1.06816953"," 1.63171741"," 0.77343261"
"CG5033","FBgn0028744","-1.1976822","-1.1865347","-1.041239597","-0.50435254","-0.173003484"," 0.558395528"," 0.085413265"," 1.05294913"," 0.71988200"," 1.68617263"
"NHP2","FBgn0029148","-1.2003466","-0.6629910","-1.492020593","-0.38237401","-0.265501646","-0.046952325"," 0.660245576"," 1.20228714"," 0.64647501"," 1.54117854"
"CG15766","FBgn0029813","-0.7824990","-0.8757105","-1.265959415","-0.55774441","-0.289489957","-0.189227241","-0.065869125"," 1.01012334"," 1.59044521"," 1.42593102"
"CG1785","FBgn0030061","-1.0532688","-1.4771354","-0.923965973","-0.42590301","-0.055255743"," 0.174387553"," 0.255691053"," 0.65106088"," 1.23085619"," 1.62353321"
"CG2691","FBgn0030504","-1.0544337","-1.4043976","-0.265818225","-0.83389726","-0.016279816"," 0.093101503"," 0.017633613"," 0.54767308"," 0.91605848"," 2.00035998"
"CG9281","FBgn0030672","-1.5042567","-1.2598406","-0.767863709","-0.54757752"," 0.068846813"," 0.134996020"," 0.609830103"," 0.83860487"," 0.88450607"," 1.54275465"
"CG8939","FBgn0030720","-1.0912012","-0.9761885","-1.437244735","-0.48488401","-0.002966602"," 0.113449427"," 0.569812859"," 0.77196249"," 0.81962353"," 1.71763674"
"Aatf","FBgn0031851","-1.3320720","-0.6690680","-1.338670542","-0.21226029"," 0.010052067"," 0.178833660"," 0.502487943","-0.06035791"," 1.02101771"," 1.90003738"
"CG13096","FBgn0032050","-0.9988307","-0.9248148","-1.226888327","-0.70415015","-0.177064643"," 0.265748194"," 0.139744147"," 0.83858256"," 0.92709973"," 1.86057396"
"CG13097","FBgn0032051","-0.6281254","-1.0140697","-1.399659663","-0.69701903","-0.213923007"," 0.066695245"," 0.028848939"," 1.07559272"," 1.22427749"," 1.55738237"
"Csl4","FBgn0032346","-0.7330093","-0.8537074","-1.445674797","-0.73407129","-0.198488177"," 0.556740586"," 0.237578136"," 0.59659864"," 0.56921138"," 2.00482224"
"CG6565","FBgn0032513","-1.3098426","-0.7859398","-1.471354223","-0.18585995","-0.058284357","-0.094892217"," 0.555408083"," 0.88048784"," 0.83519468"," 1.63508257"
"CG12050","FBgn0032915","-1.0971164","-1.1497327","-1.180694201","-0.46389845","-0.058602398"," 0.123941826"," 0.394189213"," 0.68353990"," 0.90141596"," 1.84695728"
"CG9253","FBgn0032919","-1.2303072","-0.8363314","-1.278925529","-0.66859320","-0.371361186"," 0.537821305"," 0.347695487"," 1.01616112"," 1.10253204"," 1.38130855"
"Mys45A","FBgn0033379","-0.9426592","-0.8064645","-1.573037075","-0.48172629","-0.158933443"," 0.288606198"," 0.145661196"," 0.64498567"," 1.28171317"," 1.60185427"
"CG12909","FBgn0033507","-0.9765059","-0.7901343","-1.445091306","-0.54615059","-0.328271776","-0.068664239"," 0.461978054"," 1.07893441"," 1.05268603"," 1.56121957"
"CG12325","FBgn0033557","-1.1045145","-0.9555134","-1.235992905","-0.62572359","-0.304126703"," 0.398143267"," 0.468550958"," 0.58092954"," 1.01464120"," 1.76360609"
"CG8545","FBgn0033741","-0.9761759","-0.9098752","-1.390451977","-0.86318861","-0.155139908"," 0.370399440"," 0.542945303"," 0.71965563"," 1.22108411"," 1.44074709"
"CG9143","FBgn0034496","-1.1643135","-0.6850452","-1.461849068","-0.45551154","-0.128246636","-0.112978295"," 0.467755800"," 1.16536657"," 0.73762297"," 1.63719886"
"CG11180","FBgn0034528","-0.9595075","-0.9990792","-1.445577805","-0.69980925","-0.127189289"," 0.501735810"," 0.453459432"," 0.58275663"," 1.17065411"," 1.52255710"
"CG4554","FBgn0034734","-1.3398936","-1.0323801","-1.087473449","-0.52823696","-0.034328717"," 0.259322101"," 0.323652413"," 0.61527901"," 1.14950081"," 1.67455847"
"Gk2","FBgn0035266","-1.5317865","-0.9175775","-1.271867235","-0.26939057","-0.059112529"," 0.321348568"," 0.622198669"," 0.74131240"," 0.80712841"," 1.55774628"
"CG11583","FBgn0035524","-0.8798980","-0.8853380","-1.317323647","-0.70637005","-0.461224563"," 0.271362790"," 0.429221742"," 0.71259032"," 1.09829629"," 1.73868313"
"CG15019","FBgn0035541","-0.3795371","-0.9120453","-1.189225999","-0.87462121","-0.669962732","-0.273358044"," 0.471202077"," 1.02074579"," 1.16018754"," 1.64661501"
"CG10576","FBgn0035630","-1.0416664","-1.1391550","-1.054034190","-0.73889122","-0.349566436"," 0.335955955"," 0.364054781"," 1.02195425"," 1.01360873"," 1.58773948"
"CG8368","FBgn0035707","-1.6477736","-0.5650390","-1.012105751"," 0.02355960","-0.643926071"," 0.392519465"," 0.187555892"," 0.69809856"," 0.75705765"," 1.81005322"
"CG18178","FBgn0036035","-1.0743641","-0.9549617","-1.497403309","-0.13748648","-0.361823599"," 0.512846899"," 0.270353132"," 0.86772492"," 0.62536441"," 1.74974984"
"CG5114","FBgn0036460","-1.1505831","-1.0642144","-1.297607380","-0.25565336"," 0.094260075"," 0.054381392"," 0.102149785"," 0.74605796"," 0.95213980"," 1.81906928"
"CG12301","FBgn0036514","-0.9253740","-1.1254500","-1.383589571","-0.36978825","-0.290422508"," 0.283561757"," 0.579709350"," 0.48728801"," 0.97030521"," 1.77376001"
"CG7728","FBgn0036686","-1.0950289","-1.0635800","-1.408867904","-0.57374740"," 0.026399773"," 0.105753820"," 0.744293701"," 0.88656347"," 0.89261364"," 1.48559977"
"CG5589","FBgn0036754","-0.8078664","-0.7146814","-1.393833455","-0.57581006","-0.344380606"," 0.180609721"," 0.041312124"," 0.93366244"," 0.65356007"," 2.02742757"
"CG3808","FBgn0036838","-1.4918285","-1.0707688","-1.411804696","-0.24634079"," 0.356053834"," 0.425147445"," 0.443705700"," 1.06573718"," 0.77638317"," 1.15371551"
"eRF1","FBgn0036974","-0.5429336","-0.9242224","-0.590376502","-0.83741077","-0.589069186"," 0.156875378"," 0.485065577","-0.27817611"," 0.76987719"," 2.35037041"
"CG10565","FBgn0037051","-0.7391420","-1.2411266","-1.141190512","-0.80774594","-0.352047368"," 0.490689829"," 0.216981114"," 0.93745593"," 1.00717107"," 1.62895449"
"CG12975","FBgn0037061","-0.9826841","-0.4641464","-1.694825085","-0.16410374","-0.053658147","-0.534089064"," 0.221540081"," 0.98241114"," 1.33170047"," 1.35785487"
"Tsr1","FBgn0037073","-0.8401883","-0.8043634","-1.269191331","-0.59357649","-0.542696009","-0.094233873"," 0.359003372"," 0.96447376"," 0.99624038"," 1.82453188"
"Nopp140","FBgn0037137","-0.7066663","-1.0928412","-1.485250626","-0.77655009","-0.131504682"," 0.312639194"," 0.505572025"," 0.88972138"," 0.89047262"," 1.59440769"
"srl","FBgn0037248","-1.4432554","-1.4108347","-0.748621324","-0.41623532","-0.087615492"," 0.458419953"," 0.435788758"," 0.84297542"," 0.81893465"," 1.55044345"
"CG10286","FBgn0037439","-0.8193244","-0.8754976","-1.751390363","-0.45079432","-0.291660191"," 0.244986619"," 0.663026586"," 0.96898000"," 0.93663416"," 1.37503950"
"Dmtn","FBgn0037443","-1.8194987","-0.9224663","-0.646632096","-0.60547328"," 0.241943591"," 0.078134785"," 0.943433705"," 0.49379522"," 1.53888857"," 0.69787450"
"CG1234","FBgn0037489","-1.0152563","-0.9579491","-1.638488702","-0.33016556","-0.052713439"," 0.461146575"," 0.276898483"," 0.59333385"," 1.14791310"," 1.51528103"
"SpdS","FBgn0037723","-1.0382089","-0.6433255","-1.711530688","-0.33923639","-0.497017884"," 0.806041696"," 0.464446359"," 0.81984316"," 0.62699136"," 1.51199685"
"Droj2","FBgn0038145","-1.2015776","-1.3863279","-0.162039297","-0.86749029","-0.774028389"," 0.421037834"," 0.876838712"," 0.99175610"," 1.29365447"," 0.80817639"
"CG9799","FBgn0038146","-1.2633571","-1.1856374","-1.184788049","-0.55373146"," 0.125707558"," 0.415500323"," 0.418397757"," 0.68525618"," 0.93798245"," 1.60466972"
"Non3","FBgn0038585","-0.8970487","-1.2791087","-1.377570787","-0.29882611","-0.335455648"," 0.361619552"," 0.523539560"," 1.09883673"," 0.64456204"," 1.55945212"
"CG18600","FBgn0038601","-1.4272004","-0.8247350","-1.364816581","-0.28794569","-0.034819239"," 0.187967620"," 0.288162331"," 1.30079844"," 0.77533558"," 1.38725291"
"CG6231","FBgn0038720","-0.9915911","-0.9035942","-1.413482618","-0.31451801","-0.168750641","-0.313998290"," 0.606630471"," 0.67061364"," 1.13339200"," 1.69529871"
"Surf6","FBgn0038746","-0.8478633","-0.7829771","-1.298669271","-0.72929793","-0.190215044","-0.284077650"," 0.293242168"," 0.88414812"," 1.25767754"," 1.69803238"
"Nop56","FBgn0038964","-1.1059888","-0.8550690","-1.178008905","-0.59952180","-0.190990177"," 0.063650932"," 0.289607281"," 0.90870136"," 0.70520835"," 1.96241083"
"CG12499","FBgn0038968","-1.1415661","-0.9842438","-1.342343837","-0.56025771","-0.050833222"," 0.183013640"," 0.448965229"," 0.80395737"," 0.97903175"," 1.66427669"
"CG5728","FBgn0039182","-1.2090934","-1.0509889","-1.108557001","-0.67856583","-0.167038177"," 0.166233276"," 0.521608931"," 0.89866202"," 1.03417804"," 1.59356098"
"CG7006","FBgn0039233","-0.6505527","-0.9969538","-1.394829540","-0.01471708","-0.616051692","-0.399974820"," 0.446290228"," 0.93684287"," 0.89617316"," 1.79377336"
"CG11089","FBgn0039241","-1.2278620","-1.2398634","-0.702967380","-0.42467907","-0.300352779"," 0.179165907"," 0.315234719"," 0.91273358"," 0.49287352"," 1.99571693"
"RIOK2","FBgn0039306","-1.2678011","-0.6402373","-1.579688078","-0.17830730","-0.451629848"," 0.475227731"," 0.359856285"," 0.64656839"," 1.27366058"," 1.36235064"
"CG1542","FBgn0039828","-0.8951242","-0.7685390","-1.221787504","-0.39306623","-0.378640683","-0.086282158"," 0.199514642"," 0.83285558"," 0.51839156"," 2.19267803"
"CG1607","FBgn0039844","-0.5925649","-0.9061624","-1.583509849","-0.28455592","-0.060502495","-0.203759054"," 0.216484140"," 0.79546404"," 0.57314464"," 2.04596177"
"CG11076","FBgn0039929","-1.0877416","-0.8726395","-1.409677277","-0.21775543","-0.173250994","-0.331225568"," 0.651348324"," 0.63384550"," 1.16367866"," 1.64341782"
"bor","FBgn0040237","-1.5937615","-0.6365964","-0.941512324","-0.75265333"," 0.301710512"," 0.119746412","-0.110463672"," 0.94931603"," 1.20182541"," 1.46238881"
"Pcyt1","FBgn0041342","-1.9578456","-1.2128564","-0.697124503"," 0.39022975"," 0.769323142"," 0.708933149"," 1.284919350"," 0.37562144"," 0.40773981","-0.06894010"
"CG13773","FBgn0042092","-0.9043830","-0.7178904","-1.589599307","-0.57271317","-0.175057612"," 0.014796822"," 0.263564475"," 1.06994441"," 1.02527191"," 1.58606578"
"Gclm","FBgn0046114","-1.2575896","-1.0858900","-1.491190726","-0.19252435"," 0.323286799","-0.173349044"," 0.786839762"," 1.08051275"," 0.86793167"," 1.14197272"
"CG30349","FBgn0050349","-1.0080089","-0.6838058","-1.326858608","-0.84528281","-0.383484879"," 0.194118670"," 0.425286101"," 1.02948474"," 0.95316416"," 1.64538727"
"CG32344","FBgn0052344","-0.7581734","-0.7006429","-1.588559607","-0.41270421","-0.373671639"," 0.006895274"," 0.315988686"," 0.52335306"," 1.13017848"," 1.85733617"
"CG32409","FBgn0052409","-1.0046064","-0.8336162","-1.328013739","-0.69429393","-0.233700445"," 0.225834052"," 0.239708880"," 0.85972147"," 0.98799864"," 1.78096767"
"CG32732","FBgn0052732","-0.9172792","-1.1171638","-0.648487231","-0.41826554","-0.518586382","-0.315031292"," 0.174153077"," 0.62267613"," 1.01882932"," 2.11915492"
"U3-55K","FBgn0053505","-1.3253361","-0.9051341","-1.366186770","-0.47208994","-0.044786046"," 0.278379920"," 0.349791271"," 1.28285176"," 0.92548166"," 1.27702831"
"Uhg2","FBgn0063449","-1.2836225","-0.7430483","-1.150979210","-0.21988289","-0.379169042","-0.212043302"," 0.549262643"," 0.55920966"," 0.95230028"," 1.92797267"
"mbm","FBgn0086912","-1.4192255","-1.0745000","-1.452450585"," 0.06211793","-0.056800400"," 0.530822947"," 0.386882580"," 0.70832278"," 0.93140679"," 1.38342341"
"kra","FBgn0250753","-0.7378916","-1.4475359","-0.552094296","-0.91190155","-0.631226435"," 0.354170565"," 0.484937856"," 1.06077923"," 0.68765430"," 1.69310780"
"Nop60B","FBgn0259937","-0.9381345","-1.0939210","-1.090432501","-0.77847390","-0.188212280","-0.025805678"," 0.390781986"," 1.00730693"," 1.01642204"," 1.70046890"
"Mat89Ba","FBgn0261286","-1.3333087","-1.0570605","-1.513293096"," 0.09090975","-0.112725225"," 0.262129478"," 0.556906809"," 0.98311529"," 0.75001138"," 1.37331483"
"GLS","FBgn0261625","-1.3011508","-1.3862058","-0.923267927","-0.43234979"," 0.031745133"," 0.225098982"," 0.397758341"," 0.83699549"," 0.97495703"," 1.57641941"
"kdn","FBgn0261955","-1.4931658","-0.9821488","-0.632949444","-1.12642634","-0.072435431"," 0.390103009"," 0.684074024"," 1.00271807"," 1.01871542"," 1.21151527"
"bel","FBgn0263231","-1.3456948","-1.3588932","-0.757364513","-0.32457982","-0.123952391"," 0.230742209"," 0.223804341"," 0.83217300"," 0.85895679"," 1.76480836"
"nclb","FBgn0263510","-0.9525430","-0.9317234","-1.475346137","-0.44776891","-0.341206269"," 0.207576623"," 0.352016469"," 1.00365888"," 0.96504498"," 1.62029069"
"pit","FBgn0266581","-1.2886815","-0.7955983","-1.461095574","-0.30709330"," 0.162011493","-0.026996639"," 0.383520186"," 0.71329421"," 0.88576826"," 1.73487125"
"CR45214","FBgn0266741","-1.2563068","-1.4493422","-0.525527739","-0.70257829","-0.090109681"," 0.562480641"," 0.185757236"," 0.82895784"," 0.71735556"," 1.72931339"
