"A_gene_name"	"B_gene_name"	"from"	"to"	"neighborhood"	"neighborhood_transferred"	"fusion"	"cooccurence"	"homology"	"coexpression"	"coexpression_transferred"	"experiments"	"experiments_transferred"	"database"	"database_transferred"	"textmining"	"textmining_transferred"	"combined_score"	"pval_PPI_enrich"	"pubmed_ids"
"N"	"dx"	"7227.FBpp0070483"	"7227.FBpp0070876"	0	0	0	0	0	0	0	999	182	900	333	970	115	999	0	"PMID:9590294, PMID:9428413, PMID:9378752, PMID:9334275, PMID:9286678, PMID:9271437, PMID:8979376, PMID:8955070, PMID:8853908, PMID:8807304, PMID:8725234, PMID:8698232, PMID:8681785, PMID:8674407, PMID:8601489, PMID:8404527, PMID:8287794, PMID:8150285, PMID:7954795, PMID:7720588, PMID:7698650, PMID:7671825, PMID:7546844, PMID:24860831, PMID:24855951, PMID:24718108, PMID:24657926, PMID:24528630, PMID:24386421, PMID:24324398, PMID:24312012, 
    PMID:24282610, PMID:24277854, PMID:24244188, PMID:24062983, PMID:2338245, PMID:23354061, PMID:23226392, PMID:23202132, PMID:23085543, PMID:23060962, PMID:22778262, PMID:22750761, PMID:22736244, PMID:22720165, PMID:22558447, PMID:22163301, PMID:22162134, PMID:22125648, PMID:22111016, PMID:21904119, PMID:21750738, PMID:21666993, PMID:21632926, PMID:21299753, PMID:2123462, PMID:21200027, PMID:21193420, PMID:21124883, PMID:21124823, PMID:20966964, 
    PMID:20813900, PMID:20610485, PMID:20530696, PMID:20495361, PMID:20479883, PMID:20460366, PMID:20335360, PMID:20231316, PMID:20208568, PMID:20156974, PMID:20154218, PMID:20030805, PMID:19995916, PMID:19936191, PMID:19779553, PMID:19583839, PMID:19564409, PMID:19508709, PMID:19471605, PMID:19189643, PMID:19139277, PMID:19000840, PMID:18852286, PMID:18818392, PMID:18799787, PMID:18702731, PMID:18688026, PMID:18635581, PMID:18625637, PMID:18552861, 
    PMID:18483362, PMID:18445833, PMID:18430783, PMID:18359760, PMID:18335037, PMID:18245850, PMID:18213387, PMID:18202376, PMID:18194540, PMID:18192283, PMID:18158565, PMID:18059366, PMID:18048645, PMID:17938237, PMID:17766653, PMID:17709564, PMID:17698590, PMID:17626841, PMID:17557115, PMID:17556669, PMID:17535912, PMID:17463329, PMID:17456774, PMID:17404512, PMID:17332745, PMID:17312394, PMID:17247883, PMID:17246989, PMID:17224916, PMID:17183697, 
    PMID:17028573, PMID:16973960, PMID:16923970, PMID:16908627, PMID:16818743, PMID:16782866, PMID:16542414, PMID:16395579, PMID:16291593, PMID:16271883, PMID:16239965, PMID:16236769, PMID:16179393, PMID:16103211, PMID:1592246, PMID:15901829, PMID:15851675, PMID:15728456, PMID:15684394, PMID:15684388, PMID:15650868, PMID:15620650, PMID:15620649, PMID:15531953, PMID:15496440, PMID:15494433, PMID:15452147, PMID:15277242, PMID:15226394, PMID:15187023, 
    PMID:15123884, PMID:14623820, PMID:14592976, PMID:14525960, PMID:12913000, PMID:12897132, PMID:12842995, PMID:12670957, PMID:12648496, PMID:12370315, PMID:12070099, PMID:11884509, PMID:11861487, PMID:11825871, PMID:11810238, PMID:11719214, PMID:11581320, PMID:11564735, PMID:11359897, PMID:11207282, PMID:11119607, PMID:10910909, PMID:10862754, PMID:10804214, PMID:10804188, PMID:10804183, PMID:10791981, PMID:10783395, PMID:10704384, PMID:10520600, 
    PMID:10353900, PMID:10336019, PMID:10205173"
"N"	"Ube3a"	"7227.FBpp0070483"	"7227.FBpp0075916"	0	0	0	0	0	0	0	0	0	0	0	230	0	229	0	"PMID:9169836, PMID:9165118, PMID:8149916, PMID:24945623, PMID:24675973, PMID:24238429, PMID:23316392, PMID:23217079, PMID:21311210, PMID:20071532, PMID:19641013, PMID:19164936, PMID:19127293, PMID:18820302, PMID:18707228, PMID:18690062, PMID:18434418, PMID:18245854, PMID:17615389, PMID:17595343, PMID:17360774, PMID:16489063, PMID:15075257, PMID:12070099, PMID:12050143, PMID:10976055, PMID:10908582, PMID:10594046"
"N"	"aph-1"	"7227.FBpp0070483"	"7227.FBpp0077400"	0	0	0	0	0	0	0	0	0	900	333	650	88	975	0	"PMID:24959528, PMID:24704358, PMID:24391587, PMID:24244188, PMID:24108142, PMID:23609534, PMID:23504135, PMID:23238734, PMID:21979940, PMID:21775282, PMID:21768095, PMID:21685396, PMID:21533193, PMID:21445342, PMID:21310068, PMID:20570903, PMID:20530696, PMID:20299451, PMID:19519249, PMID:19494151, PMID:19415127, PMID:19276086, PMID:19114997, PMID:19067488, PMID:18834536, PMID:18697993, PMID:18599481, PMID:18550769, PMID:18474109, PMID:18050403, 
    PMID:17988153, PMID:17965014, PMID:17928364, PMID:17890228, PMID:17878232, PMID:17329245, PMID:17259169, PMID:17245125, PMID:17148788, PMID:16384915, PMID:16291593, PMID:16234244, PMID:16103123, PMID:15644323, PMID:15592359, PMID:15299016, PMID:15220354, PMID:15215237, PMID:15123653, PMID:15105831, PMID:15102905, PMID:14673177, PMID:12777371, PMID:12771124, PMID:12660785, PMID:12522139, PMID:12297508, PMID:12147673, PMID:10804188"
"N"	"ebi"	"7227.FBpp0070483"	"7227.FBpp0077715"	0	0	0	0	0	0	0	662	0	0	0	221	0	725	0	"PMID:8987797, PMID:24618901, PMID:24552149, PMID:23129980, PMID:22792190, PMID:22041576, PMID:21049000, PMID:19939918, PMID:18929655, PMID:18797187, PMID:18430928, PMID:17500585, PMID:17322397, PMID:16763555, PMID:16751179, PMID:15940829, PMID:15930109, PMID:15805470, PMID:15520277, PMID:15128669, PMID:11865025, PMID:10215623"
"dx"	"ebi"	"7227.FBpp0070876"	"7227.FBpp0077715"	0	0	0	0	0	196	0	0	0	0	0	0	0	196	0	"NA"
"N"	"smo"	"7227.FBpp0070483"	"7227.FBpp0077788"	0	0	0	0	0	0	0	0	0	0	0	635	64	643	0	"PMID:9989974, PMID:9835652, PMID:9811582, PMID:9654017, PMID:9551858, PMID:9409685, PMID:9407023, PMID:9383063, PMID:9310318, PMID:8598300, PMID:24977024, PMID:24964731, PMID:24961797, PMID:24931005, PMID:24823879, PMID:24810906, PMID:24757005, PMID:24722523, PMID:24688313, PMID:24648766, PMID:24591669, PMID:24550888, PMID:24527387, PMID:24498290, PMID:24409421, PMID:24391661, PMID:24391522, PMID:24339791, PMID:24331293, PMID:24303070, 
    PMID:24281103, PMID:24260374, PMID:24212791, PMID:24212632, PMID:24073265, PMID:24069566, PMID:24068890, PMID:24043949, PMID:23819944, PMID:23667323, PMID:23305182, PMID:23292285, PMID:23275879, PMID:23209942, PMID:23190771, PMID:23149744, PMID:23085394, PMID:23032367, PMID:22871611, PMID:22871018, PMID:22827778, PMID:22768056, PMID:22619564, PMID:22593732, PMID:22550422, PMID:22432040, PMID:22413093, PMID:22402963, PMID:22371696, PMID:22298652, 
    PMID:22295244, PMID:22132234, PMID:22095083, PMID:21978399, PMID:21949350, PMID:21931660, PMID:21789180, PMID:21789137, PMID:21775419, PMID:21754989, PMID:21733352, PMID:21710433, PMID:21692687, PMID:21674124, PMID:21666993, PMID:21607288, PMID:21533246, PMID:21498615, PMID:21412342, PMID:21212394, PMID:21203400, PMID:21188169, PMID:21169257, PMID:21098717, PMID:20971825, PMID:20930191, PMID:20928937, PMID:20730380, PMID:20621955, PMID:20530699, 
    PMID:20460306, PMID:20452961, PMID:20389077, PMID:20385725, PMID:20372085, PMID:20339091, PMID:20336604, PMID:20233856, PMID:20214806, PMID:20160502, PMID:20081367, PMID:20067614, PMID:20051365, PMID:20023380, PMID:19966297, PMID:19955368, PMID:19938982, PMID:19934349, PMID:19933147, PMID:19923894, PMID:19901543, PMID:19875489, PMID:19822761, PMID:19794886, PMID:19788370, PMID:19787036, PMID:19737745, PMID:19531586, PMID:19509466, PMID:19502692, 
    PMID:19474148, PMID:19390062, PMID:19382889, PMID:19286613, PMID:19285468, PMID:19237605, PMID:19223557, PMID:19189643, PMID:19165344, PMID:19148215, PMID:19132102, PMID:19124651, PMID:19095649, PMID:18832395, PMID:18832354, PMID:18829843, PMID:18794343, PMID:18758436, PMID:18724071, PMID:18699730, PMID:18635951, PMID:18524848, PMID:18489752, PMID:18434417, PMID:18421251, PMID:18356248, PMID:18347086, PMID:18296651, PMID:18198278, PMID:18080019, 
    PMID:17982507, PMID:17928586, PMID:17923695, PMID:17699589, PMID:17641201, PMID:17615393, PMID:17609501, PMID:17571073, PMID:17568183, PMID:17440084, PMID:17428827, PMID:17335573, PMID:17312394, PMID:17309866, PMID:17257418, PMID:17114586, PMID:17102592, PMID:17062662, PMID:17043310, PMID:16951180, PMID:16943241, PMID:16877675, PMID:16809475, PMID:16672338, PMID:16540506, PMID:16522205, PMID:16489008, PMID:16484682, PMID:16239319, PMID:16207753, 
    PMID:16155214, PMID:16105882, PMID:16049109, PMID:15987436, PMID:15916718, PMID:15901665, PMID:15857917, PMID:15788705, PMID:15601817, PMID:15534205, PMID:15496446, PMID:15380030, PMID:15123884, PMID:14660435, PMID:14608370, PMID:14602684, PMID:14597665, PMID:12954721, PMID:12917295, PMID:12835386, PMID:12588889, PMID:12490561, PMID:12441288, PMID:12424225, PMID:12421709, PMID:12403709, PMID:12393558, PMID:12163413, PMID:12050111, PMID:12015301, 
    PMID:11978185, PMID:11934850, PMID:11880345, PMID:11880339, PMID:11861468, PMID:11603502, PMID:11527959, PMID:11390862, PMID:11290291, PMID:11222148, PMID:11171398, PMID:11171395, PMID:11171343, PMID:11092806, PMID:11027307, PMID:10952895, PMID:10952893, PMID:10862736, PMID:10769240, PMID:10634582, PMID:10572059, PMID:10572054, PMID:10557210, PMID:10529412, PMID:10457019, PMID:10357933, PMID:10330024, PMID:10226002, PMID:10225994, PMID:10207028, 
    PMID:10101132"
"dx"	"smo"	"7227.FBpp0070876"	"7227.FBpp0077788"	0	0	0	0	0	257	0	0	0	0	0	58	0	270	0	"PMID:21666993, PMID:19189643, PMID:17312394, PMID:16969081, PMID:15123884"
"N"	"fng"	"7227.FBpp0070483"	"7227.FBpp0077925"	0	0	0	0	0	0	0	999	84	900	0	988	105	999	0	"PMID:9927598, PMID:9927593, PMID:9886207, PMID:9843490, PMID:9834035, PMID:9806914, PMID:9806911, PMID:9804358, PMID:9778511, PMID:9744867, PMID:9742402, PMID:9724756, PMID:9694625, PMID:9690473, PMID:9690472, PMID:9671583, PMID:9655817, PMID:9653148, PMID:9637676, PMID:9620845, PMID:9600262, PMID:9596653, PMID:9553038, PMID:9547240, PMID:9425353, PMID:9409672, PMID:9315901, PMID:9310338, PMID:9310337, PMID:9310319, PMID:9247339, 
    PMID:9207795, PMID:9202123, PMID:9187150, PMID:9171377, PMID:9136934, PMID:9119226, PMID:9043068, PMID:9006064, PMID:8951063, PMID:8674417, PMID:8600026, PMID:8565848, PMID:7600982, PMID:24822081, PMID:24781918, PMID:24709423, PMID:24704358, PMID:24675973, PMID:24574849, PMID:24551251, PMID:24533113, PMID:24239355, PMID:24205350, PMID:24155745, PMID:24086746, PMID:24069565, PMID:24043949, PMID:23895933, PMID:23720232, PMID:23300480, 
    PMID:23231322, PMID:23217079, PMID:23197537, PMID:23197536, PMID:23152840, PMID:23129980, PMID:23085543, PMID:23072667, PMID:23071776, PMID:23060962, PMID:23037857, PMID:23028706, PMID:22988249, PMID:22967798, PMID:22952997, PMID:22872643, PMID:22824137, PMID:22720165, PMID:22593732, PMID:22587874, PMID:22510469, PMID:22509166, PMID:22469079, PMID:22455336, PMID:22399337, PMID:22162134, PMID:22117070, PMID:22111016, PMID:22081605, PMID:22049409, 
    PMID:22028443, PMID:22006338, PMID:21989947, PMID:21978399, PMID:219680, PMID:21949350, PMID:21899759, PMID:21867417, PMID:21775282, PMID:21757702, PMID:21750738, PMID:21695234, PMID:21636775, PMID:21629779, PMID:21483667, PMID:21483663, PMID:21464368, PMID:21437251, PMID:21372153, PMID:21262834, PMID:21203496, PMID:21177962, PMID:21098717, PMID:21060795, PMID:20980602, PMID:20978236, PMID:20971825, PMID:20837470, PMID:20810995, PMID:20730086, 
    PMID:20530696, PMID:20529320, PMID:20452960, PMID:20353597, PMID:20346184, PMID:20331358, PMID:20231316, PMID:20186322, PMID:20182624, PMID:20170518, PMID:20140218, PMID:20081190, PMID:20066114, PMID:20066085, PMID:20046098, PMID:20016694, PMID:19995916, PMID:19948890, PMID:19948734, PMID:19936191, PMID:19906847, PMID:19897741, PMID:19846665, PMID:19825158, PMID:19779553, PMID:19737745, PMID:19704010, PMID:19625773, PMID:19598111, PMID:19486506, 
    PMID:19471605, PMID:19468305, PMID:19455420, PMID:19284292, PMID:19255248, PMID:19247939, PMID:19203238, PMID:19171888, PMID:19161597, PMID:19144989, PMID:19139277, PMID:19104065, PMID:19028689, PMID:18948267, PMID:18852286, PMID:18824561, PMID:18820480, PMID:18818300, PMID:18809725, PMID:18801836, PMID:18799787, PMID:18725413, PMID:18701548, PMID:18690061, PMID:18688026, PMID:18606882, PMID:18606881, PMID:18550713, PMID:18516297, PMID:18516287, 
    PMID:18466624, PMID:18461085, PMID:18451803, PMID:18445292, PMID:18434418, PMID:18433293, PMID:18421076, PMID:18381350, PMID:18369162, PMID:18359890, PMID:18347015, PMID:18342499, PMID:18335037, PMID:18312702, PMID:18272537, PMID:18252777, PMID:18245854, PMID:18245850, PMID:18237417, PMID:18227520, PMID:18213387, PMID:18208612, PMID:18202376, PMID:18194540, PMID:18158565, PMID:18073442, PMID:18050430, PMID:18048645, PMID:17967059, PMID:17938237, 
    PMID:17923477, PMID:17891711, PMID:17878270, PMID:17761886, PMID:17699589, PMID:17572911, PMID:17556669, PMID:17522109, PMID:17456774, PMID:17420294, PMID:17409286, PMID:17395588, PMID:17376817, PMID:17360774, PMID:17332535, PMID:17329366, PMID:17307762, PMID:17215308, PMID:17215299, PMID:17148788, PMID:17079689, PMID:17079268, PMID:17032646, PMID:16993369, PMID:16973960, PMID:16973733, PMID:16914494, PMID:16899492, PMID:16818743, PMID:16782866, 
    PMID:16775001, PMID:16672346, PMID:16643882, PMID:16542414, PMID:16489059, PMID:16464858, PMID:16464857, PMID:16440003, PMID:16410732, PMID:16344554, PMID:16344471, PMID:16291593, PMID:16227600, PMID:16174741, PMID:16144902, PMID:16141223, PMID:16125166, PMID:16093323, PMID:16049109, PMID:16014514, PMID:15994325, PMID:15994302, PMID:15987734, PMID:15987436, PMID:15940829, PMID:15906253, PMID:15897231, PMID:15857853, PMID:15765546, PMID:15760463, 
    PMID:15760269, PMID:15659488, PMID:15659486, PMID:15653671, PMID:15634704, PMID:15611100, PMID:15592446, PMID:15591414, PMID:15576412, PMID:15574878, PMID:15563714, PMID:15539491, PMID:15537687, PMID:15531953, PMID:15469974, PMID:15452147, PMID:15448335, PMID:15342554, PMID:15280477, PMID:15253935, PMID:15231576, PMID:15084464, PMID:15082721, PMID:15064243, PMID:14998929, PMID:14973298, PMID:14973271, PMID:14769803, PMID:14757640, PMID:14757636, 
    PMID:14730010, PMID:14701680, PMID:14681193, PMID:14627724, PMID:14627723, PMID:14623824, PMID:14612445, PMID:14602684, PMID:14525960, PMID:12954721, PMID:12930782, PMID:12925578, PMID:12917292, PMID:12909620, PMID:12835386, PMID:12756168, PMID:12756167, PMID:12743367, PMID:12697902, PMID:12692585, PMID:12668596, PMID:12651883, PMID:12648493, PMID:12642495, PMID:12620980, PMID:12590131, PMID:12538526, PMID:12526814, PMID:12506006, PMID:12496248, 
    PMID:12490561, PMID:12486116, PMID:12460944, PMID:12460896, PMID:12456485, PMID:12454022, PMID:12441303, PMID:12421697, PMID:12411305, PMID:12403709, PMID:12399305, PMID:12386158, PMID:12370315, PMID:12369105, PMID:12226475, PMID:12183379, PMID:12175491, PMID:12163413, PMID:12163404, PMID:12130651, PMID:12130631, PMID:12117813, PMID:12070099, PMID:12050143, PMID:12036964, PMID:12000801, PMID:11978185, PMID:11973273, PMID:11970906, PMID:11925450, 
    PMID:11925446, PMID:11923214, PMID:11884509, PMID:11880638, PMID:11880346, PMID:11880345, PMID:11874914, PMID:11867535, PMID:11830571, PMID:11782403, PMID:11773073, PMID:11739188, PMID:11731454, PMID:11714686, PMID:11714680, PMID:11714676, PMID:11707585, PMID:11700858, PMID:11698403, PMID:11641214, PMID:11566858, PMID:11546743, PMID:11533661, PMID:11532909, PMID:11527959, PMID:11526075, PMID:11524432, PMID:11493544, PMID:11463849, PMID:11435449, 
    PMID:11425897, PMID:11390862, PMID:11390359, PMID:11346656, PMID:11290291, PMID:11283023, PMID:11262225, PMID:11222137, PMID:11180850, PMID:11171395, PMID:11165380, PMID:11067851, PMID:11060239, PMID:11034906, PMID:11031412, PMID:11003842, PMID:10995384, PMID:10959842, PMID:10958687, PMID:10935626, PMID:10929001, PMID:10903180, PMID:10899003, PMID:10878608, PMID:10862754, PMID:10862753, PMID:10862744, PMID:10835358, PMID:10821276, PMID:10790360, 
    PMID:10751180, PMID:10742112, PMID:10734111, PMID:10725246, PMID:10704388, PMID:10704384, PMID:10683181, PMID:10662650, PMID:10662640, PMID:10601009, PMID:10572059, PMID:10572048, PMID:10572045, PMID:10551863, PMID:10529412, PMID:10519550, PMID:10508859, PMID:10508746, PMID:10504334, PMID:10498681, PMID:10449349, PMID:10409762, PMID:10409498, PMID:10357942, PMID:10357895, PMID:10346822, PMID:10323856, PMID:10225957, PMID:10202155, PMID:10101132"
"dx"	"fng"	"7227.FBpp0070876"	"7227.FBpp0077925"	0	0	0	0	0	0	0	0	0	0	0	631	0	631	0	"PMID:23085543, PMID:23060962, PMID:22720165, PMID:22162134, PMID:22111016, PMID:21750738, PMID:20530696, PMID:20231316, PMID:19995916, PMID:19936191, PMID:19779553, PMID:19705151, PMID:19471605, PMID:19139277, PMID:18852286, PMID:18799787, PMID:18688026, PMID:18335037, PMID:18245850, PMID:18213387, PMID:18202376, PMID:18194540, PMID:18158565, PMID:18048645, PMID:17938237, PMID:17605815, PMID:17556669, PMID:17456774, PMID:16973960, PMID:16818743, 
    PMID:16782866, PMID:16542414, PMID:16291593, PMID:15919944, PMID:15531953, PMID:15452147, PMID:14525960, PMID:12370315, PMID:12070099, PMID:11884509, PMID:10862754, PMID:10704384"
"Ube3a"	"fng"	"7227.FBpp0075916"	"7227.FBpp0077925"	0	0	0	0	0	0	0	0	0	0	0	163	0	163	0	"PMID:24675973, PMID:23217079, PMID:18434418, PMID:18245854, PMID:17360774, PMID:15017387, PMID:12070099, PMID:12050143"
"smo"	"fng"	"7227.FBpp0077788"	"7227.FBpp0077925"	0	0	0	0	0	0	0	0	0	0	0	258	0	258	0	"PMID:9654015, PMID:24043949, PMID:23942320, PMID:22593732, PMID:21978399, PMID:21949350, PMID:21098717, PMID:20971825, PMID:20495386, PMID:20332154, PMID:19737745, PMID:18978947, PMID:17699589, PMID:17183721, PMID:16373601, PMID:16049109, PMID:15987436, PMID:14602684, PMID:12954721, PMID:12835386, PMID:12490561, PMID:12403709, PMID:12163413, PMID:11978185, PMID:11880345, PMID:11841536, PMID:11527959, PMID:11390862, PMID:11290291, PMID:11171395, 
    PMID:10572059, PMID:10529412, PMID:10101132"
"N"	"Hdac3"	"7227.FBpp0070483"	"7227.FBpp0078414"	0	0	0	0	0	0	0	0	122	0	333	399	117	647	0	"PMID:24988463, PMID:24965943, PMID:24964731, PMID:24952875, PMID:24710525, PMID:24688641, PMID:24634836, PMID:24618901, PMID:24550918, PMID:24391587, PMID:24381528, PMID:24353314, PMID:24349558, PMID:24334704, PMID:24227653, PMID:24196439, PMID:24088390, PMID:24023824, PMID:23892605, PMID:23828660, PMID:23258705, PMID:23165243, PMID:23105012, PMID:23032367, PMID:23006971, PMID:22927943, PMID:22879948, PMID:22848598, PMID:22577355, PMID:22514554, 
    PMID:22509166, PMID:22508507, PMID:22356765, PMID:22195015, PMID:22125510, PMID:22073312, PMID:22046566, PMID:21798096, PMID:21766020, PMID:21742793, PMID:21518768, PMID:21372032, PMID:21203589, PMID:21124925, PMID:21072209, PMID:21059887, PMID:21049000, PMID:20664079, PMID:20660276, PMID:20452940, PMID:20123979, PMID:20106920, PMID:19939918, PMID:19890091, PMID:19417136, PMID:19367127, PMID:19304754, PMID:19282966, PMID:19221483, PMID:18946026, 
    PMID:18929655, PMID:18667423, PMID:18611917, PMID:18519790, PMID:18511808, PMID:18443042, PMID:18430928, PMID:18411251, PMID:18408079, PMID:18391169, PMID:18039851, PMID:18000403, PMID:17311813, PMID:17283045, PMID:17257418, PMID:17182846, PMID:16943429, PMID:16763555, PMID:16751179, PMID:16740711, PMID:16531564, PMID:16287852, PMID:16262446, PMID:16254190, PMID:15805470, PMID:15775980, PMID:15592452, PMID:15590745, PMID:15159402, PMID:14734556, 
    PMID:14672542, PMID:12920152, PMID:12589049, PMID:12393558, PMID:12372828, PMID:12223465, PMID:12050117, PMID:11865025, PMID:11825869, PMID:11438745, PMID:11427693, PMID:11230145, PMID:10688661"
"pain"	"Hdac3"	"7227.FBpp0072323"	"7227.FBpp0078414"	0	0	0	0	0	0	0	0	122	0	0	0	117	191	0	"NA"
"Ube3a"	"Hdac3"	"7227.FBpp0075916"	"7227.FBpp0078414"	0	0	0	0	0	0	0	0	68	0	496	62	0	520	0	"PMID:24007566, PMID:21527733, PMID:16721406, PMID:15677708, PMID:15356280"
"ebi"	"Hdac3"	"7227.FBpp0077715"	"7227.FBpp0078414"	0	0	0	0	0	0	0	662	771	0	448	819	512	995	0	"PMID:24865773, PMID:24618901, PMID:24007566, PMID:22666340, PMID:22570481, PMID:22567133, PMID:21632771, PMID:21288874, PMID:21049000, PMID:20392877, PMID:20386695, PMID:19939918, PMID:19678741, PMID:19555456, PMID:19223330, PMID:19043594, PMID:18929655, PMID:18430928, PMID:18326939, PMID:18326024, PMID:18309295, PMID:17519354, PMID:17452463, PMID:17283134, PMID:17255935, PMID:17132848, PMID:16980585, PMID:16917504, PMID:16893456, PMID:16763555, 
    PMID:16751179, PMID:16604180, PMID:16525063, PMID:16456091, PMID:16421255, PMID:16258276, PMID:15837729, PMID:15832170, PMID:15805470, PMID:15695367, PMID:15601853, PMID:15491994, PMID:14713265, PMID:14645129, PMID:12795422, PMID:12019171, PMID:11865025, PMID:11784848, PMID:11731482, PMID:11711434, PMID:11459854, PMID:11427696, PMID:11145735, PMID:11113190, PMID:11046157, PMID:10944117"
"N"	"Cry"	"7227.FBpp0070483"	"7227.FBpp0079865"	0	0	0	0	0	0	0	0	0	0	0	167	0	167	0	"PMID:9806930, PMID:8785260, PMID:3308408, PMID:24977024, PMID:24422024, PMID:24282676, PMID:23100274, PMID:2304467, PMID:22724070, PMID:21402580, PMID:21203400, PMID:20959619, PMID:20739468, PMID:19897600, PMID:18795792, PMID:18231636, PMID:18057103, PMID:17709399, PMID:17576749, PMID:17251190, PMID:17234964, PMID:17148603, PMID:17105353, PMID:16798779, PMID:1633115, PMID:16288009, PMID:16237179, PMID:16103063, PMID:16093328, PMID:15995704, 
    PMID:15973436, PMID:15928208, PMID:15743775, PMID:15592446, PMID:15289432, PMID:14617383, PMID:14592939, PMID:12702772, PMID:11902689, PMID:11274346, PMID:10634617, PMID:10585970, PMID:10517672, PMID:10516313"
"N"	"neur"	"7227.FBpp0070483"	"7227.FBpp0081481"	0	0	0	0	0	109	0	918	0	900	0	830	135	998	0	"PMID:9851969, PMID:9755176, PMID:9753679, PMID:9694793, PMID:9694625, PMID:9671581, PMID:9655817, PMID:9655806, PMID:9649507, PMID:9637676, PMID:9550718, PMID:9428413, PMID:9395263, PMID:9374401, PMID:9367989, PMID:9367444, PMID:9342058, PMID:9234693, PMID:9171377, PMID:9169848, PMID:9043085, PMID:9043068, PMID:8951079, PMID:8787754, PMID:8787734, PMID:8725234, PMID:8674417, PMID:8625813, PMID:8612965, PMID:8608920, PMID:8601489, 
    PMID:8582289, PMID:8565817, PMID:8524296, PMID:8504935, PMID:8406001, PMID:8378299, PMID:8330521, PMID:8325237, PMID:8313990, PMID:8287794, PMID:8223270, PMID:8162860, PMID:8149916, PMID:7958912, PMID:7937851, PMID:7867503, PMID:7821213, PMID:7720588, PMID:7720579, PMID:7635286, PMID:7601001, PMID:7479828, PMID:3149249, PMID:3130290, PMID:2792755, PMID:2612381, PMID:2558049, PMID:2509485, PMID:2504643, PMID:2492966, PMID:24714733, 
    PMID:24704358, PMID:24550912, PMID:24528630, PMID:24492843, PMID:24391519, PMID:24282550, PMID:24069306, PMID:23891112, PMID:23708604, PMID:23609534, PMID:23275879, PMID:23223237, PMID:23197809, PMID:23152840, PMID:23151376, PMID:23111145, PMID:23050227, PMID:23045391, PMID:22750761, PMID:22558447, PMID:22558446, PMID:22474327, PMID:22412942, PMID:22298658, PMID:2226204, PMID:22213802, PMID:22049409, PMID:21991383, PMID:21949384, PMID:2185974, 
    PMID:21750738, PMID:21695234, PMID:21671219, PMID:21636775, PMID:21349854, PMID:21276725, PMID:2123462, PMID:21194948, PMID:21084342, PMID:21041480, PMID:20978236, PMID:20847082, PMID:20660750, PMID:20630949, PMID:20610746, PMID:20547764, PMID:20530696, PMID:2044965, PMID:20410139, PMID:20174573, PMID:2016340, PMID:2015800, PMID:20147375, PMID:20053677, PMID:20016263, PMID:19952104, PMID:19948890, PMID:19923916, PMID:19906847, PMID:19884307, 
    PMID:19855135, PMID:19846665, PMID:19825158, PMID:19822670, PMID:19683535, PMID:19662164, PMID:19580805, PMID:19528324, PMID:19506041, PMID:19471605, PMID:19444309, PMID:19349465, PMID:19279324, PMID:19255248, PMID:19197356, PMID:1917546, PMID:19158398, PMID:19153610, PMID:1913825, PMID:19104040, PMID:19075226, PMID:18985153, PMID:1885000, PMID:18836310, PMID:18824586, PMID:18818392, PMID:18809725, PMID:18799787, PMID:18794519, PMID:18787072, 
    PMID:18728778, PMID:18676613, PMID:18653560, PMID:18562639, PMID:18466624, PMID:18413610, PMID:18302767, PMID:18256200, PMID:18213387, PMID:18208612, PMID:1811951, PMID:18076903, PMID:18061562, PMID:18043734, PMID:18000549, PMID:17954605, PMID:17938237, PMID:17892325, PMID:17761886, PMID:17687032, PMID:17556669, PMID:1752423, PMID:17409286, PMID:17372210, PMID:17303754, PMID:17287393, PMID:17246426, PMID:17246418, PMID:17246169, PMID:17234964, 
    PMID:17224916, PMID:17215308, PMID:17141162, PMID:17065551, PMID:17015428, PMID:1701150, PMID:16733548, PMID:16688213, PMID:16682530, PMID:16643882, PMID:16601271, PMID:16565154, PMID:16554363, PMID:16489059, PMID:16459303, PMID:16449319, PMID:16222340, PMID:1618155, PMID:16166372, PMID:16141223, PMID:16137758, PMID:16113648, PMID:16093323, PMID:16077089, PMID:16000382, PMID:15975935, PMID:15930117, PMID:15901829, PMID:15851675, PMID:15829522, 
    PMID:15829515, PMID:15798180, PMID:15790962, PMID:15775981, PMID:15760463, PMID:15760269, PMID:15728719, PMID:15728676, PMID:15684394, PMID:15647321, PMID:15581871, PMID:15539491, PMID:15539484, PMID:15469974, PMID:15469967, PMID:15452147, PMID:15385958, PMID:15169756, PMID:1516831, PMID:15148389, PMID:15056616, PMID:14993188, PMID:14973298, PMID:14973296, PMID:1483394, PMID:14701683, PMID:14627723, PMID:14623820, PMID:14525960, PMID:1427077, 
    PMID:1427039, PMID:1425352, PMID:1350558, PMID:1334023, PMID:1295737, PMID:12944429, PMID:12852858, PMID:12642500, PMID:12632175, PMID:12538526, PMID:12441297, PMID:12424225, PMID:12421709, PMID:12403816, PMID:12403709, PMID:12399305, PMID:12169584, PMID:12107285, PMID:12070099, PMID:12050111, PMID:12000788, PMID:11959832, PMID:11923213, PMID:11884509, PMID:11874920, PMID:11740940, PMID:11740931, PMID:11731489, PMID:11696324, PMID:11585928, 
    PMID:11493577, PMID:11493544, PMID:11481456, PMID:11344304, PMID:11180964, PMID:11124124, PMID:11076763, PMID:11034906, PMID:10970873, PMID:10903170, PMID:10662650, PMID:10603347, PMID:10529416, PMID:10500185, PMID:10498695, PMID:10409503, PMID:10398687, PMID:10207150, PMID:10207132"
"dx"	"neur"	"7227.FBpp0070876"	"7227.FBpp0081481"	0	0	0	0	0	123	0	0	0	0	0	533	0	572	0	"PMID:9428413, PMID:8725234, PMID:8601489, PMID:8287794, PMID:7720588, PMID:24528630, PMID:22750761, PMID:22558447, PMID:21750738, PMID:2123462, PMID:20530696, PMID:19471605, PMID:18818392, PMID:18799787, PMID:18213387, PMID:17938237, PMID:17556669, PMID:17224916, PMID:15901829, PMID:15851675, PMID:15684394, PMID:15452147, PMID:14623820, PMID:14525960, PMID:12070099, PMID:11884509"
"Ube3a"	"neur"	"7227.FBpp0075916"	"7227.FBpp0081481"	0	0	0	0	0	0	0	0	0	0	0	0	167	167	0	"PMID:8149916, PMID:12070099"
"smo"	"neur"	"7227.FBpp0077788"	"7227.FBpp0081481"	0	0	0	0	0	126	0	0	0	0	0	74	0	156	0	"PMID:23275879, PMID:22912493, PMID:21878643, PMID:20367257, PMID:12424225, PMID:12421709, PMID:12403709, PMID:12050111"
"fng"	"neur"	"7227.FBpp0077925"	"7227.FBpp0081481"	0	0	0	0	0	0	0	0	0	0	0	631	0	631	0	"PMID:9694625, PMID:9655817, PMID:9637676, PMID:9171377, PMID:9043068, PMID:8674417, PMID:7555709, PMID:24704358, PMID:23152840, PMID:22049409, PMID:21750738, PMID:21695234, PMID:21636775, PMID:21270389, PMID:20978236, PMID:20711994, PMID:20530696, PMID:20501594, PMID:20458100, PMID:19948890, PMID:19906847, PMID:19846665, PMID:19825158, PMID:19471605, PMID:19448274, PMID:19255248, PMID:18950512, PMID:18809725, PMID:18799787, PMID:18497317, 
    PMID:18466624, PMID:18213387, PMID:18208612, PMID:17938237, PMID:17761886, PMID:17615350, PMID:17556669, PMID:17409286, PMID:17257056, PMID:17215308, PMID:17006545, PMID:16643882, PMID:16489059, PMID:16141223, PMID:16093323, PMID:15760463, PMID:15760269, PMID:15539491, PMID:15469974, PMID:15452147, PMID:15113404, PMID:14973298, PMID:14709173, PMID:14627723, PMID:14525960, PMID:12538526, PMID:12403709, PMID:12399305, PMID:12070099, PMID:11884509, 
    PMID:11493544, PMID:11034906, PMID:10662650"
"Ube3a"	"cry"	"7227.FBpp0075916"	"7227.FBpp0083150"	0	0	0	0	0	0	0	0	0	0	0	153	0	152	0	"PMID:23300979, PMID:19926804, PMID:16439464"
"Hdac3"	"cry"	"7227.FBpp0078414"	"7227.FBpp0083150"	0	92	0	0	0	0	0	0	97	0	0	80	121	248	0	"PMID:23152747, PMID:20664079, PMID:20543573, PMID:20534529, PMID:19854863, PMID:18946026, PMID:16096975"
"N"	"H"	"7227.FBpp0070483"	"7227.FBpp0083322"	0	0	0	0	0	111	0	999	0	0	0	48	0	999	0	"PMID:24634836, PMID:19835696, PMID:17247989, PMID:1516831"
"dx"	"H"	"7227.FBpp0070876"	"7227.FBpp0083322"	0	0	0	0	0	491	0	727	0	0	0	0	0	855	0	"NA"
"neur"	"H"	"7227.FBpp0081481"	"7227.FBpp0083322"	0	0	0	0	0	367	0	953	0	0	0	62	0	969	0	"PMID:1516831"
"N"	"Ser"	"7227.FBpp0070483"	"7227.FBpp0084498"	0	0	0	0	673	0	0	993	209	900	333	324	206	999	0	"PMID:9815129, PMID:9570768, PMID:9472002, PMID:9310338, PMID:9310337, PMID:9071590, PMID:8702639, PMID:8405806, PMID:8287794, PMID:6816668, PMID:6619212, PMID:23240041, PMID:22093916, PMID:21412342, PMID:21264297, PMID:2125287, PMID:20132553, PMID:1840519, PMID:17267655, PMID:17247157, PMID:17247021, PMID:17246955, PMID:17246882, PMID:17246641, PMID:17246581, PMID:17246553, PMID:17246514, PMID:17246000, PMID:17245985, PMID:17245914, 
    PMID:15760269, PMID:15539484, PMID:14627644, PMID:14330702, PMID:12642500"
"ebi"	"Ser"	"7227.FBpp0077715"	"7227.FBpp0084498"	0	0	0	0	0	0	0	662	0	0	0	0	0	662	0	"PMID:19678741"
"smo"	"Ser"	"7227.FBpp0077788"	"7227.FBpp0084498"	0	0	0	0	0	0	0	0	0	0	0	0	153	152	0	"PMID:24302887, PMID:23884946, PMID:21412342"
"fng"	"Ser"	"7227.FBpp0077925"	"7227.FBpp0084498"	0	0	0	0	0	0	0	999	74	0	0	169	167	999	0	"PMID:9310338, PMID:9310337, PMID:24003312, PMID:23129989, PMID:17006545, PMID:15760269"
"Cry"	"Ser"	"7227.FBpp0079865"	"7227.FBpp0084498"	0	0	0	0	0	0	0	0	0	0	0	400	0	400	0	"PMID:9224761, PMID:9023351, PMID:8814151, PMID:24103489, PMID:22496548, PMID:22323457, PMID:21414908, PMID:21402583, PMID:20671274, PMID:20090208, PMID:19204787, PMID:18936298, PMID:17606637, PMID:16877414, PMID:16168081, PMID:15143156, PMID:14707122, PMID:14645510, PMID:11157875, PMID:10102292"
"neur"	"Ser"	"7227.FBpp0081481"	"7227.FBpp0084498"	0	0	0	0	0	0	0	767	182	900	448	165	406	993	0	"PMID:8889525, PMID:8287794, PMID:17507394, PMID:17006545, PMID:15760269, PMID:15539484, PMID:12642500"
"H"	"Ser"	"7227.FBpp0083322"	"7227.FBpp0084498"	0	0	0	0	0	0	0	762	0	0	0	0	0	762	0	"PMID:17303591"
"N"	"Tace"	"7227.FBpp0070483"	"7227.FBpp0084917"	0	0	0	0	0	0	0	0	94	800	664	720	751	995	0	"PMID:9733803, PMID:9614196, PMID:9593739, PMID:9428412, PMID:24959528, PMID:24684754, PMID:24415949, PMID:24410826, PMID:24404179, PMID:24345875, PMID:24244188, PMID:24223152, PMID:24212632, PMID:24043949, PMID:24019071, PMID:23999591, PMID:23589494, PMID:23317182, PMID:23271979, PMID:23172856, PMID:23072667, PMID:23028706, PMID:22590650, PMID:22550518, PMID:22479394, PMID:22189475, PMID:22163301, PMID:22075160, PMID:21979940, PMID:21948704, 
    PMID:21899759, PMID:21685396, PMID:21559374, PMID:21483663, PMID:21124883, PMID:20971825, PMID:20805556, PMID:20687300, PMID:20351171, PMID:19936191, PMID:19890091, PMID:19830255, PMID:19828018, PMID:19825158, PMID:19783903, PMID:19541743, PMID:19415127, PMID:19390062, PMID:19255248, PMID:19189643, PMID:19067488, PMID:19059839, PMID:18677410, PMID:18650430, PMID:18559668, PMID:18421251, PMID:18382095, PMID:18296651, PMID:18213387, PMID:18192283, 
    PMID:18056171, PMID:18050403, PMID:17938237, PMID:17823366, PMID:17761886, PMID:17675579, PMID:17652726, PMID:17607000, PMID:17581278, PMID:17569640, PMID:17409286, PMID:17376817, PMID:17329370, PMID:17245125, PMID:17148788, PMID:17107962, PMID:16930452, PMID:16410732, PMID:16197940, PMID:15958385, PMID:15944381, PMID:15906253, PMID:15905513, PMID:15790962, PMID:15650752, PMID:15611340, PMID:15576412, PMID:15574878, PMID:15531953, PMID:15485896, 
    PMID:15345668, PMID:15342725, PMID:15240571, PMID:15187023, PMID:15123653, PMID:15105831, PMID:14973298, PMID:14673177, PMID:12794186, PMID:12682059, PMID:12629177, PMID:12516548, PMID:12496248, PMID:12424225, PMID:12411305, PMID:12391150, PMID:12223532, PMID:12200365, PMID:12138176, PMID:12119356, PMID:11884509, PMID:11799064, PMID:11782411, PMID:11700858, PMID:11604490, PMID:11600492, PMID:11459941, PMID:11274343, PMID:11090127, PMID:11069775, 
    PMID:10806097, PMID:10799546, PMID:10749942, PMID:10744726, PMID:10652272, PMID:10587367, PMID:10523497, PMID:10521439, PMID:10510344, PMID:10373500, PMID:10097139"
"dx"	"Tace"	"7227.FBpp0070876"	"7227.FBpp0084917"	0	0	0	0	0	0	0	0	0	0	383	396	0	611	0	"PMID:24244188, PMID:22163301, PMID:21124883, PMID:19936191, PMID:19340001, PMID:19189643, PMID:18628966, PMID:18213387, PMID:18192283, PMID:17938237, PMID:15531953, PMID:15187023, PMID:11884509, PMID:11425854"
"aph-1"	"Tace"	"7227.FBpp0077400"	"7227.FBpp0084917"	0	0	0	0	0	0	0	0	0	0	0	493	110	529	0	"PMID:24959528, PMID:24244188, PMID:21979940, PMID:21685396, PMID:19415127, PMID:19067488, PMID:18497317, PMID:18050403, PMID:17245125, PMID:17148788, PMID:15123653, PMID:15105831, PMID:14673177"
"fng"	"Tace"	"7227.FBpp0077925"	"7227.FBpp0084917"	0	0	0	0	0	0	0	0	0	0	0	493	0	493	0	"PMID:24226769, PMID:24043949, PMID:23072667, PMID:23028706, PMID:21899759, PMID:21483663, PMID:20971825, PMID:20711994, PMID:20161710, PMID:19936191, PMID:19825158, PMID:19701457, PMID:19255248, PMID:18497317, PMID:18213387, PMID:17938237, PMID:17761886, PMID:17409286, PMID:17376817, PMID:17148788, PMID:16410732, PMID:15906253, PMID:15576412, PMID:15574878, PMID:15531953, PMID:14973298, PMID:12496248, PMID:12411305, PMID:11884509, PMID:11700858"
"neur"	"Tace"	"7227.FBpp0081481"	"7227.FBpp0084917"	0	0	0	0	0	0	0	0	0	0	0	280	103	326	0	"PMID:20711994, PMID:19825158, PMID:19255248, PMID:18497317, PMID:18213387, PMID:17938237, PMID:17761886, PMID:17409286, PMID:15790962, PMID:14973298, PMID:12424225, PMID:11884509, PMID:11485984"
"Ser"	"Tace"	"7227.FBpp0084498"	"7227.FBpp0084917"	0	0	0	0	0	0	0	0	94	0	0	0	208	251	0	"NA"
"N"	"lin19"	"7227.FBpp0070483"	"7227.FBpp0087921"	0	0	0	0	0	0	0	0	182	900	0	318	0	939	0	"PMID:9841670, PMID:9201720, PMID:24977024, PMID:24965943, PMID:24931005, PMID:24899581, PMID:24884509, PMID:24868554, PMID:24657926, PMID:24563851, PMID:24205097, PMID:24068890, PMID:23926048, PMID:23778311, PMID:23240041, PMID:23217079, PMID:23109421, PMID:23100274, PMID:22956996, PMID:22827778, PMID:22512762, PMID:22375140, PMID:22328159, PMID:22186781, PMID:22167059, PMID:22144179, PMID:22006925, PMID:22001871, PMID:21969365, PMID:21931660, 
    PMID:21727196, PMID:21710433, PMID:21430154, PMID:21393571, PMID:21220517, PMID:21124883, PMID:20852390, PMID:20826802, PMID:20603601, PMID:20484041, PMID:20333241, PMID:20203130, PMID:20140218, PMID:20047651, PMID:19952104, PMID:19890091, PMID:19884253, PMID:19528325, PMID:19509229, PMID:19506739, PMID:19458112, PMID:19190339, PMID:19174556, PMID:18699730, PMID:18310276, PMID:18195039, PMID:18070361, PMID:18050424, PMID:17909001, PMID:17636018, 
    PMID:17565378, PMID:17312394, PMID:17298674, PMID:17286867, PMID:17189384, PMID:17050664, PMID:16943429, PMID:16940752, PMID:16831869, PMID:16531564, PMID:16380502, PMID:16131838, PMID:16061623, PMID:15980150, PMID:15908780, PMID:15790962, PMID:15520277, PMID:15364936, PMID:14592976, PMID:12516548, PMID:12239083, PMID:11917093, PMID:11752380, PMID:11511533, PMID:11493577, PMID:10952902, PMID:10215623"
"dx"	"lin19"	"7227.FBpp0070876"	"7227.FBpp0087921"	0	0	0	0	0	150	0	0	0	0	0	74	0	179	0	"PMID:24657926, PMID:21912646, PMID:21124883, PMID:17312394, PMID:14592976"
"pain"	"lin19"	"7227.FBpp0072323"	"7227.FBpp0087921"	0	0	0	0	0	0	0	0	182	0	0	0	0	181	0	"PMID:22001871, PMID:16547170"
"Ube3a"	"lin19"	"7227.FBpp0075916"	"7227.FBpp0087921"	0	0	0	0	0	0	159	0	100	0	0	0	148	298	0	"PMID:23217079, PMID:22414063, PMID:21859948"
"ebi"	"lin19"	"7227.FBpp0077715"	"7227.FBpp0087921"	0	0	0	0	0	236	0	0	0	0	0	154	66	343	0	"PMID:24594309, PMID:24240237, PMID:20930545, PMID:19056888, PMID:16893456, PMID:15520277, PMID:10215623"
"smo"	"lin19"	"7227.FBpp0077788"	"7227.FBpp0087921"	0	0	0	0	0	165	0	0	0	0	0	221	0	321	0	"PMID:24977024, PMID:24931005, PMID:24068890, PMID:23074268, PMID:22827778, PMID:21931660, PMID:21710433, PMID:21179535, PMID:20015360, PMID:19684112, PMID:18699730, PMID:18379584, PMID:17431408, PMID:17312394, PMID:17102630, PMID:16651542, PMID:16651270, PMID:16481469, PMID:16258275, PMID:12874118, PMID:12756186, PMID:12231629, PMID:12231619, PMID:11181995"
"cry"	"lin19"	"7227.FBpp0083150"	"7227.FBpp0087921"	0	0	0	0	0	0	0	0	326	0	0	158	0	408	0	"PMID:23479607, PMID:22879814, PMID:21209706, PMID:19218364, PMID:18678754, PMID:17101961, PMID:16651653"
"N"	"Hey"	"7227.FBpp0070483"	"7227.FBpp0087945"	0	0	0	0	0	0	0	0	94	0	471	927	678	987	0	"PMID:9286677, PMID:9171377, PMID:8844158, PMID:8843199, PMID:8824589, PMID:8756350, PMID:8598300, PMID:8504935, PMID:8436278, PMID:8349118, PMID:7958861, PMID:7867931, PMID:7705634, PMID:4733089, PMID:2499512, PMID:24965943, PMID:24959528, PMID:2482224, PMID:24684754, PMID:24403239, PMID:24303070, PMID:24040083, PMID:24015329, PMID:23935517, PMID:23284731, PMID:23255099, PMID:23226104, PMID:23185131, PMID:23078795, PMID:23032367, PMID:22900095, 
    PMID:22661915, PMID:22649079, PMID:22617385, PMID:22615585, PMID:22558446, PMID:22550518, PMID:22550422, PMID:22509166, PMID:22493555, PMID:22479394, PMID:22448289, PMID:22442703, PMID:22393458, PMID:22319573, PMID:22315496, PMID:22298652, PMID:22093916, PMID:22016770, PMID:21996655, PMID:21978399, PMID:21937884, PMID:21880181, PMID:21844675, PMID:21799798, PMID:21690374, PMID:21677292, PMID:21670161, PMID:21635778, PMID:21586122, PMID:21541299, 
    PMID:21437251, PMID:21352545, PMID:21346804, PMID:21169257, PMID:2110921, PMID:20971825, PMID:20959466, PMID:20957186, PMID:20885963, PMID:20881124, PMID:20877431, PMID:20852390, PMID:20852131, PMID:20808769, PMID:20699379, PMID:20686363, PMID:20668662, PMID:20664079, PMID:20634311, PMID:20621955, PMID:20592489, PMID:20530696, PMID:20505318, PMID:2044964, PMID:20371805, PMID:20339091, PMID:20208568, PMID:20134146, PMID:20085633, PMID:20061803, 
    PMID:20040486, PMID:20038815, PMID:20029175, PMID:20016278, PMID:19936191, PMID:19890091, PMID:19825158, PMID:19808903, PMID:19797707, PMID:1979295, PMID:1974224, PMID:19710364, PMID:19605688, PMID:19486506, PMID:19468690, PMID:19458225, PMID:19369342, PMID:19293596, PMID:19293145, PMID:19247939, PMID:19164936, PMID:19144841, PMID:19122673, PMID:19098434, PMID:19059839, PMID:1885000, PMID:18802018, PMID:18797187, PMID:18775957, PMID:18724071, 
    PMID:18697993, PMID:18690061, PMID:18688026, PMID:18524904, PMID:18489756, PMID:18483362, PMID:18445833, PMID:18430783, PMID:18391175, PMID:18369162, PMID:18369158, PMID:18359760, PMID:18310276, PMID:18302767, PMID:18059366, PMID:18039873, PMID:17898168, PMID:17717603, PMID:17586813, PMID:17409286, PMID:17376817, PMID:17308118, PMID:17247703, PMID:17247056, PMID:17215301, PMID:17050664, PMID:17028039, PMID:17006542, PMID:16968952, PMID:1684335, 
    PMID:16799463, PMID:16763555, PMID:1673107, PMID:16670760, PMID:16554359, PMID:16489059, PMID:16397133, PMID:16291593, PMID:1628830, PMID:16270101, PMID:16219802, PMID:16103211, PMID:15930109, PMID:15870272, PMID:1582559, PMID:15821257, PMID:15788705, PMID:15659488, PMID:15590746, PMID:15531953, PMID:15277242, PMID:15251982, PMID:15169758, PMID:1516831, PMID:15150092, PMID:15056616, PMID:14769827, PMID:14665671, PMID:1427077, PMID:1358752, 
    PMID:12920152, PMID:12918096, PMID:12620984, PMID:12482957, PMID:12456485, PMID:12393558, PMID:11311160, PMID:11290504, PMID:10456065, PMID:10456064"
"dx"	"Hey"	"7227.FBpp0070876"	"7227.FBpp0087945"	0	0	0	0	0	0	0	0	0	0	0	312	0	311	0	"PMID:22223095, PMID:20530696, PMID:20208568, PMID:19936191, PMID:19339697, PMID:18688026, PMID:18483362, PMID:18445833, PMID:18430783, PMID:18359760, PMID:18059366, PMID:16291593, PMID:16103211, PMID:15531953, PMID:15277242"
"fng"	"Hey"	"7227.FBpp0077925"	"7227.FBpp0087945"	0	0	0	0	0	0	0	0	0	0	0	221	121	285	0	"PMID:9171377, PMID:22866202, PMID:22509166, PMID:21978399, PMID:21437251, PMID:20971825, PMID:20530696, PMID:20458100, PMID:19936191, PMID:19825158, PMID:19486506, PMID:19247939, PMID:18690061, PMID:18688026, PMID:18679713, PMID:18369162, PMID:17615350, PMID:17409286, PMID:17376817, PMID:17257056, PMID:16489059, PMID:16291593, PMID:15659488, PMID:15531953, PMID:14206423, PMID:12456485"
"Hdac3"	"Hey"	"7227.FBpp0078414"	"7227.FBpp0087945"	0	0	0	0	0	0	0	0	106	0	0	220	0	272	0	"PMID:24965943, PMID:23152747, PMID:23032367, PMID:23028940, PMID:22948226, PMID:22629283, PMID:22509166, PMID:22223095, PMID:21527733, PMID:21368055, PMID:21187966, PMID:20959618, PMID:20664079, PMID:20634312, PMID:20433734, PMID:20167942, PMID:20156111, PMID:19890091, PMID:19854863, PMID:19164930, PMID:17511024, PMID:17478756, PMID:17121866, PMID:16980591, PMID:16980317, PMID:16763555, PMID:15837729, PMID:15698469, PMID:15184976, PMID:12920152, 
    PMID:12393558, PMID:11909814"
"cry"	"Hey"	"7227.FBpp0083150"	"7227.FBpp0087945"	0	0	0	0	0	0	0	0	128	0	0	107	104	241	0	"PMID:23152747, PMID:20664079, PMID:20160481, PMID:19854863, PMID:19078963, PMID:16721409, PMID:11549722"
"Ser"	"Hey"	"7227.FBpp0084498"	"7227.FBpp0087945"	0	0	0	0	0	0	0	0	0	0	0	130	683	712	0	"PMID:5901502, PMID:5865940, PMID:2581979, PMID:23136438, PMID:22093916, PMID:19556785, PMID:17246603, PMID:17245940, PMID:14245436, PMID:13914195, PMID:10976234"
"Tace"	"Hey"	"7227.FBpp0084917"	"7227.FBpp0087945"	0	0	0	0	0	0	0	0	0	0	0	165	907	919	0	"PMID:24959528, PMID:24684754, PMID:22550518, PMID:22479394, PMID:22031879, PMID:20971825, PMID:19936191, PMID:19890091, PMID:19825158, PMID:19059839, PMID:17409286, PMID:17376817, PMID:15531953"
"N"	"SIP2"	"7227.FBpp0070483"	"7227.FBpp0088611"	0	0	0	0	0	0	0	190	0	0	0	0	0	190	0	"NA"
"N"	"gro"	"7227.FBpp0070483"	"7227.FBpp0089115"	0	0	0	0	0	0	0	947	0	0	0	800	66	989	0	"PMID:9887105, PMID:9835652, PMID:9819403, PMID:9655811, PMID:9654017, PMID:9649507, PMID:9649497, PMID:9637676, PMID:9570769, PMID:9428421, PMID:9389649, PMID:9383058, PMID:9374401, PMID:9367988, PMID:9291577, PMID:9271118, PMID:9234693, PMID:9177203, PMID:9165118, PMID:8943325, PMID:8918894, PMID:8913755, PMID:8898233, PMID:8892234, PMID:8808280, PMID:8787746, PMID:8756291, PMID:8725234, PMID:8713081, PMID:8649374, PMID:8645603, 
    PMID:8612965, PMID:8565848, PMID:8483919, PMID:8287794, PMID:8162848, PMID:8138156, PMID:7958912, PMID:7958878, PMID:7926761, PMID:7821213, PMID:7604005, PMID:7590239, PMID:7588079, PMID:3145200, PMID:2504643, PMID:24970141, PMID:24902027, PMID:24894488, PMID:24832654, PMID:24678314, PMID:24282610, PMID:24212796, PMID:24133501, PMID:24009524, PMID:23778311, PMID:23773660, PMID:23326237, PMID:23300465, PMID:23209942, PMID:23173097, PMID:23152840, 
    PMID:23050227, PMID:22967828, PMID:22964837, PMID:22875928, PMID:22761566, PMID:22720165, PMID:22545114, PMID:22485144, PMID:22438831, PMID:22378868, PMID:22331351, PMID:22319573, PMID:22305159, PMID:22302822, PMID:22267917, PMID:22194527, PMID:22180714, PMID:22167192, PMID:22125648, PMID:22046261, PMID:21814488, PMID:21793099, PMID:21756252, PMID:21712439, PMID:21710433, PMID:21698137, PMID:21671783, PMID:21586122, PMID:21494610, PMID:21385730, 
    PMID:21372032, PMID:21325629, PMID:21311210, PMID:21262834, PMID:21212394, PMID:21151987, PMID:21098717, PMID:21041480, PMID:20947863, PMID:20634311, PMID:20551433, PMID:20495361, PMID:20405012, PMID:20300647, PMID:20208568, PMID:20182623, PMID:20181723, PMID:20150991, PMID:20147375, PMID:20123979, PMID:20066095, PMID:20008573, PMID:19939918, PMID:19787036, PMID:19757990, PMID:19688092, PMID:19668359, PMID:19662164, PMID:19598111, PMID:19587546, 
    PMID:19580443, PMID:19486509, PMID:19471605, PMID:19468305, PMID:19458225, PMID:19378258, PMID:19329555, PMID:19309506, PMID:19282966, PMID:19225444, PMID:19221483, PMID:19203238, PMID:19176515, PMID:19139277, PMID:19129218, PMID:19104065, PMID:19104040, PMID:19088090, PMID:19033687, PMID:19014486, PMID:19013449, PMID:18945670, PMID:18929655, PMID:18820429, PMID:18778483, PMID:18775957, PMID:18765565, PMID:18757943, PMID:18690062, PMID:18636085, 
    PMID:18611861, PMID:18489752, PMID:18430783, PMID:18419806, PMID:18418383, PMID:18417619, PMID:18375860, PMID:18369162, PMID:18332117, PMID:18216172, PMID:18202376, PMID:18192283, PMID:18160400, PMID:18073442, PMID:18058706, PMID:18050407, PMID:18050401, PMID:18039873, PMID:18039851, PMID:18031354, PMID:18000549, PMID:17898168, PMID:17875709, PMID:17761886, PMID:17699589, PMID:17615393, PMID:17586813, PMID:17584735, PMID:17576749, PMID:17571073, 
    PMID:17545467, PMID:17535912, PMID:1752423, PMID:17500585, PMID:17490485, PMID:17410209, PMID:17408511, PMID:17393581, PMID:17362357, PMID:17329370, PMID:17311782, PMID:17282991, PMID:17255944, PMID:17254302, PMID:17246426, PMID:17234755, PMID:17183697, PMID:17183462, PMID:17065448, PMID:17006542, PMID:16914738, PMID:16908627, PMID:16818449, PMID:16815842, PMID:16762837, PMID:16751179, PMID:16751178, PMID:16691198, PMID:16611995, PMID:16571670, 
    PMID:16537918, PMID:16522667, PMID:16522205, PMID:16508633, PMID:16410550, PMID:1638995, PMID:16362045, PMID:16314515, PMID:16314497, PMID:1631102, PMID:16308331, PMID:16307735, PMID:16288009, PMID:16287856, PMID:16287852, PMID:16282371, PMID:16239588, PMID:16123311, PMID:16103211, PMID:16093323, PMID:15975935, PMID:15802274, PMID:15798180, PMID:15750188, PMID:15647755, PMID:15604211, PMID:15590745, PMID:15499562, PMID:1528887, PMID:15269171, 
    PMID:15240698, PMID:15169758, PMID:15128668, PMID:15060169, PMID:15012626, PMID:14701877, PMID:14672542, PMID:14665671, PMID:14623820, PMID:14623819, PMID:14602722, PMID:14573515, PMID:14561704, PMID:14525960, PMID:14504086, PMID:1427039, PMID:1303260, PMID:12972610, PMID:12917324, PMID:12810595, PMID:12795424, PMID:12783785, PMID:12756224, PMID:12756185, PMID:12730381, PMID:12719556, PMID:12670867, PMID:12642500, PMID:12620984, PMID:12606389, 
    PMID:12466194, PMID:12441291, PMID:12422020, PMID:12421709, PMID:12411302, PMID:12372828, PMID:12361969, PMID:12223465, PMID:12154126, PMID:12107285, PMID:12091309, PMID:12065598, PMID:12015286, PMID:11959828, PMID:11940660, PMID:11880339, PMID:11865025, PMID:11861482, PMID:11830558, PMID:11782403, PMID:11731456, PMID:11731454, PMID:11714680, PMID:11598015, PMID:11551980, PMID:11526076, PMID:11486045, PMID:11486044, PMID:11486032, PMID:11418662, 
    PMID:11334435, PMID:11311160, PMID:11290504, PMID:11238932, PMID:11208814, PMID:11128568, PMID:11080159, PMID:11040209, PMID:11035023, PMID:11023875, PMID:11023859, PMID:10903170, PMID:10858455, PMID:10851137, PMID:10704388, PMID:10692439, PMID:10673509, PMID:10652267, PMID:10603347, PMID:10520600, PMID:10457022, PMID:10457019, PMID:10440851, PMID:10373509, PMID:10226002, PMID:10225995, PMID:10205174, PMID:10022895"
"dx"	"gro"	"7227.FBpp0070876"	"7227.FBpp0089115"	0	0	0	0	0	123	0	0	0	0	0	281	0	342	0	"PMID:8725234, PMID:8287794, PMID:24282610, PMID:22720165, PMID:22223095, PMID:22125648, PMID:20495361, PMID:20208568, PMID:19471605, PMID:19139277, PMID:18430783, PMID:18202376, PMID:18192283, PMID:17535912, PMID:17183697, PMID:16908627, PMID:16103211, PMID:15187027, PMID:14623820, PMID:14525960, PMID:11940670, PMID:10520600"
"Ube3a"	"gro"	"7227.FBpp0075916"	"7227.FBpp0089115"	0	0	0	0	0	0	0	0	0	0	0	110	142	203	0	"PMID:9165118, PMID:21311210, PMID:18690062, PMID:17612406, PMID:15780142, PMID:14983005, PMID:11861469, PMID:11245684, PMID:10557206"
"ebi"	"gro"	"7227.FBpp0077715"	"7227.FBpp0089115"	0	0	0	0	0	0	0	0	0	0	444	490	0	704	0	"PMID:24594309, PMID:20667983, PMID:20066091, PMID:19939918, PMID:19056888, PMID:19043594, PMID:18929655, PMID:18309295, PMID:18193033, PMID:17500585, PMID:16751179, PMID:15837729, PMID:15728386, PMID:15601853, PMID:14645129, PMID:12795422, PMID:11865025, PMID:11784848, PMID:11731482, PMID:11711434, PMID:11459854, PMID:11113190"
"smo"	"gro"	"7227.FBpp0077788"	"7227.FBpp0089115"	0	0	0	0	0	103	0	0	0	0	0	228	0	277	0	"PMID:9835652, PMID:9654017, PMID:9654015, PMID:24690407, PMID:23209942, PMID:22649582, PMID:21710433, PMID:21317452, PMID:21212394, PMID:21098717, PMID:20686653, PMID:20581434, PMID:20190581, PMID:20190580, PMID:20190579, PMID:20190578, PMID:20190576, PMID:20190575, PMID:20190574, PMID:20190573, PMID:20190572, PMID:19837867, PMID:19787036, PMID:19123929, PMID:18689831, PMID:18489752, PMID:18392879, PMID:18248236, PMID:17699589, PMID:17615393, 
    PMID:17571073, PMID:16522205, PMID:16258275, PMID:15917668, PMID:15741323, PMID:15169759, PMID:15128656, PMID:14645517, PMID:12466197, PMID:12421709, PMID:11880339, PMID:11684670, PMID:11181995, PMID:10457019, PMID:10226002"
"fng"	"gro"	"7227.FBpp0077925"	"7227.FBpp0089115"	0	0	0	0	0	0	0	0	0	0	0	318	0	317	0	"PMID:9654015, PMID:9637676, PMID:8565848, PMID:23152840, PMID:22720165, PMID:22144858, PMID:22118449, PMID:21262834, PMID:21098717, PMID:20711994, PMID:20458100, PMID:19598111, PMID:19471605, PMID:19468305, PMID:19448274, PMID:19270177, PMID:19203238, PMID:19139277, PMID:19104065, PMID:18606759, PMID:18578863, PMID:18369162, PMID:18202376, PMID:18073442, PMID:17761886, PMID:17699589, PMID:17406090, PMID:17006545, PMID:16093323, PMID:14525960, 
    PMID:12705659, PMID:11782403, PMID:11731454, PMID:11714680, PMID:10761856, PMID:10704388, PMID:10364164, PMID:10357943, PMID:10194420"
"Hdac3"	"gro"	"7227.FBpp0078414"	"7227.FBpp0089115"	0	0	0	0	0	0	0	0	768	0	471	495	0	932	0	"PMID:24564815, PMID:23547032, PMID:23060889, PMID:22301974, PMID:22223095, PMID:21937451, PMID:21857164, PMID:21737682, PMID:21372032, PMID:21197465, PMID:21124006, PMID:20935498, PMID:20368357, PMID:20357224, PMID:20190581, PMID:20190580, PMID:20190579, PMID:20190578, PMID:20190576, PMID:20190575, PMID:20190574, PMID:20190573, PMID:20190572, PMID:20123979, PMID:19939918, PMID:19923791, PMID:19448429, PMID:19412887, PMID:19282966, PMID:19221483, 
    PMID:19218438, PMID:19074474, PMID:19043594, PMID:18929655, PMID:18454196, PMID:18390806, PMID:18309295, PMID:18039851, PMID:17998807, PMID:17568773, PMID:16751179, PMID:16287852, PMID:15837729, PMID:15809276, PMID:15798178, PMID:15601853, PMID:15590745, PMID:15466484, PMID:15292260, PMID:15128671, PMID:14672542, PMID:14645520, PMID:14645129, PMID:12795422, PMID:12372828, PMID:12223465, PMID:12052894, PMID:11909814, PMID:11865025, PMID:11784848, 
    PMID:11731482, PMID:11711434, PMID:11504871, PMID:11459854, PMID:11416139, PMID:11113190, PMID:10921888, PMID:10809664, PMID:10485845"
"Cry"	"gro"	"7227.FBpp0079865"	"7227.FBpp0089115"	0	0	0	0	0	0	0	0	0	0	0	160	0	159	0	"PMID:25029272, PMID:24797903, PMID:2426277, PMID:22645520, PMID:19378250, PMID:19074474, PMID:18765787, PMID:17891708, PMID:17576749, PMID:17066077, PMID:16980626, PMID:16407227, PMID:16288009, PMID:12835394, PMID:12777501, PMID:12072567, PMID:12050133, PMID:10567582, PMID:10567553"
"neur"	"gro"	"7227.FBpp0081481"	"7227.FBpp0089115"	0	0	0	0	0	269	0	0	0	0	0	427	0	563	0	"PMID:9649507, PMID:9637676, PMID:9374401, PMID:9234693, PMID:9102309, PMID:8725234, PMID:8612965, PMID:8287794, PMID:7958912, PMID:7821220, PMID:7821213, PMID:2504643, PMID:23152840, PMID:23050227, PMID:21041480, PMID:20711994, PMID:20458100, PMID:20147375, PMID:19662164, PMID:19471605, PMID:19448274, PMID:19104040, PMID:18000549, PMID:17761886, PMID:17535112, PMID:1752423, PMID:17246426, PMID:17008450, PMID:17006545, PMID:16093323, 
    PMID:15975935, PMID:15833912, PMID:15798180, PMID:14756340, PMID:14623820, PMID:14525960, PMID:1427039, PMID:12642500, PMID:12421709, PMID:12107285, PMID:11291842, PMID:10903170, PMID:10603347"
"H"	"gro"	"7227.FBpp0083322"	"7227.FBpp0089115"	0	0	0	0	0	253	0	869	0	800	0	0	0	978	0	"NA"
"Hey"	"gro"	"7227.FBpp0087945"	"7227.FBpp0089115"	0	0	0	0	0	0	0	0	93	0	0	400	93	463	0	"PMID:9654008, PMID:9524128, PMID:9247331, PMID:8524259, PMID:22808219, PMID:22586269, PMID:22319573, PMID:22223095, PMID:21948089, PMID:21825127, PMID:21677781, PMID:21586122, PMID:20634311, PMID:20458100, PMID:20208568, PMID:19661464, PMID:19458225, PMID:18775957, PMID:18430783, PMID:18388864, PMID:18369162, PMID:18285466, PMID:18039873, PMID:17898168, PMID:17636127, PMID:17586813, PMID:17585052, PMID:17535112, PMID:17006542, PMID:16293187, 
    PMID:16103211, PMID:15837729, PMID:15252443, PMID:15169759, PMID:15169758, PMID:14871887, PMID:14722248, PMID:14665671, PMID:12657651, PMID:12624110, PMID:12620984, PMID:11909814, PMID:11311160, PMID:11290504, PMID:11278948, PMID:11160397, PMID:11069914, PMID:10887160, PMID:10415358, PMID:10207145"
"N"	"h"	"7227.FBpp0070483"	"7227.FBpp0099504"	0	0	0	0	0	0	0	0	90	0	380	221	483	742	0	"PMID:9841670, PMID:9472002, PMID:9391086, PMID:9221750, PMID:9201720, PMID:8987797, PMID:8898233, PMID:8647436, PMID:7867494, PMID:7768195, PMID:4845248, PMID:2511069, PMID:2470631, PMID:24693214, PMID:24563851, PMID:24307937, PMID:24228054, PMID:23819944, PMID:23671312, PMID:22827778, PMID:22529998, PMID:22357403, PMID:21991383, PMID:21490205, PMID:21368103, PMID:21325629, PMID:20959619, PMID:20868295, PMID:20730380, PMID:20472918, 
    PMID:2016040, PMID:19940944, PMID:19855829, PMID:19640841, PMID:1963868, PMID:19434306, PMID:19243237, PMID:19049977, PMID:18840288, PMID:18699730, PMID:18697993, PMID:17634372, PMID:17426285, PMID:17409073, PMID:16973733, PMID:16556608, PMID:15940829, PMID:15831937, PMID:15743775, PMID:15659488, PMID:15644312, PMID:15618481, PMID:15297877, PMID:15239844, PMID:12897056, PMID:12516548, PMID:11917093, PMID:11902689, PMID:11731489, PMID:11585768, 
    PMID:11522824, PMID:10585970, PMID:10517672, PMID:10500185"
"Hdac3"	"h"	"7227.FBpp0078414"	"7227.FBpp0099504"	0	0	0	0	0	0	0	0	106	0	448	44	0	487	0	"PMID:24840099, PMID:24691906, PMID:24636457, PMID:24623816, PMID:24521543, PMID:20367257, PMID:19047373, PMID:15187189"
"Cry"	"h"	"7227.FBpp0079865"	"7227.FBpp0099504"	0	0	0	0	0	0	0	0	0	0	0	167	0	167	0	"PMID:9183566, PMID:8146147, PMID:7542775, PMID:24563850, PMID:24256636, PMID:22479412, PMID:22312473, PMID:21687664, PMID:21684903, PMID:20959619, PMID:19841746, PMID:19011750, PMID:1841726, PMID:18005453, PMID:17015484, PMID:16756667, PMID:16501026, PMID:15743775, PMID:15371438, PMID:1400228, PMID:12897149, PMID:11902689, PMID:10585970, PMID:10551828, PMID:10517672"
"cry"	"h"	"7227.FBpp0083150"	"7227.FBpp0099504"	0	0	0	0	0	0	0	0	128	0	0	63	104	203	0	"PMID:22688816, PMID:22306971, PMID:21941585, PMID:19243237, PMID:10839819"
"Ser"	"h"	"7227.FBpp0084498"	"7227.FBpp0099504"	0	0	0	0	0	0	0	0	0	0	0	119	164	231	0	"PMID:9472002, PMID:8768313, PMID:3652973, PMID:20098714, PMID:18650330, PMID:16079394, PMID:10804207, PMID:10390517"
"lin19"	"h"	"7227.FBpp0087921"	"7227.FBpp0099504"	0	0	0	0	0	0	0	0	0	0	0	191	0	191	0	"PMID:9841670, PMID:9201720, PMID:24991536, PMID:24691906, PMID:24563851, PMID:24395824, PMID:24278209, PMID:24107298, PMID:22827778, PMID:22414063, PMID:22261722, PMID:21987638, PMID:19874575, PMID:19629177, PMID:18699730, PMID:18221488, PMID:17280619, PMID:16501026, PMID:15907208, PMID:15904532, PMID:15821097, PMID:12802070, PMID:12620985, PMID:12516548, PMID:11917093, PMID:11597332, PMID:11358861, PMID:11259387, PMID:11134076, PMID:10490625"
"Hey"	"h"	"7227.FBpp0087945"	"7227.FBpp0099504"	0	0	0	0	647	0	0	0	91	0	0	109	167	152	0	"PMID:8946909, PMID:8120090, PMID:23035093, PMID:22970127, PMID:22219371, PMID:21934270, PMID:20664080, PMID:20560784, PMID:20534828, PMID:18697993, PMID:17015484, PMID:16192377, PMID:15659488, PMID:15470155, PMID:14657186, PMID:12087135"
"gro"	"h"	"7227.FBpp0089115"	"7227.FBpp0099504"	0	0	0	0	0	0	0	994	142	0	444	0	93	997	0	"PMID:8898233, PMID:24936207, PMID:22688816, PMID:21325629, PMID:20405009, PMID:20179092, PMID:15340490"
"Ube3a"	"CG34056"	"7227.FBpp0075916"	"7227.FBpp0100164"	0	0	0	0	0	0	224	0	0	0	0	0	0	224	0	"NA"
"lin19"	"CG34056"	"7227.FBpp0087921"	"7227.FBpp0100164"	0	0	0	0	0	0	179	0	0	0	0	0	0	179	0	"NA"
"Ube3a"	"CG34057"	"7227.FBpp0075916"	"7227.FBpp0100165"	0	0	0	0	0	0	224	0	0	0	0	0	0	224	0	"NA"
"lin19"	"CG34057"	"7227.FBpp0087921"	"7227.FBpp0100165"	0	0	0	0	0	0	179	0	0	0	0	0	0	179	0	"NA"
"N"	"kuz"	"7227.FBpp0070483"	"7227.FBpp0111799"	0	0	0	0	0	103	0	996	68	900	472	964	221	999	0	"PMID:9914169, PMID:9851979, PMID:9835652, PMID:9811571, PMID:9733803, PMID:9716525, PMID:9665629, PMID:9653148, PMID:9637676, PMID:9631648, PMID:9614196, PMID:9593739, PMID:9550718, PMID:9550717, PMID:9461614, PMID:9428421, PMID:9428413, PMID:9428412, PMID:9374401, PMID:9244301, PMID:9169848, PMID:24855951, PMID:24800676, PMID:24704358, PMID:24550912, PMID:24528630, PMID:24498290, PMID:24492843, PMID:24475194, PMID:24422759, PMID:24410826, 
    PMID:24244825, PMID:24244188, PMID:24212791, PMID:24199173, PMID:24167636, PMID:24108142, PMID:24069306, PMID:24043949, PMID:24019071, PMID:23589494, PMID:23340672, PMID:23329048, PMID:23271979, PMID:23238734, PMID:23231322, PMID:23226392, PMID:23178945, PMID:23152840, PMID:23150798, PMID:23072667, PMID:23011796, PMID:22961855, PMID:22866200, PMID:22824137, PMID:22720165, PMID:22665490, PMID:22617063, PMID:22558447, PMID:22550518, PMID:22513479, 
    PMID:22398391, PMID:22189475, PMID:22086926, PMID:22073214, PMID:21989947, PMID:21979940, PMID:21750738, PMID:21652679, PMID:21546775, PMID:21518768, PMID:21502820, PMID:21478884, PMID:21471368, PMID:21441465, PMID:21412342, PMID:21357901, PMID:21212394, PMID:21084591, PMID:20959466, PMID:20876099, PMID:20852131, PMID:20805556, PMID:20570941, PMID:20530696, PMID:20460383, PMID:20457567, PMID:20454677, PMID:20452961, PMID:20393191, PMID:20372059, 
    PMID:20351171, PMID:20233856, PMID:20208568, PMID:20182623, PMID:20156974, PMID:20130175, PMID:20034386, PMID:20008221, PMID:19825158, PMID:19782677, PMID:19763259, PMID:19726682, PMID:19723764, PMID:19701455, PMID:19562077, PMID:19471605, PMID:19415127, PMID:19255248, PMID:19176515, PMID:19176481, PMID:19114997, PMID:19067488, PMID:19059839, PMID:18981482, PMID:18957511, PMID:18942889, PMID:18809725, PMID:18650430, PMID:18635581, PMID:18535782, 
    PMID:18483362, PMID:18466624, PMID:18445292, PMID:18342499, PMID:18239463, PMID:18073442, PMID:18050403, PMID:17947427, PMID:17938237, PMID:17937502, PMID:17897439, PMID:17878232, PMID:17761886, PMID:17556669, PMID:17475018, PMID:17332535, PMID:17259169, PMID:17148788, PMID:17107962, PMID:17010965, PMID:16987886, PMID:16944319, PMID:16930452, PMID:16908627, PMID:16688218, PMID:16645641, PMID:16580993, PMID:16489059, PMID:16487968, PMID:16199880, 
    PMID:16197940, PMID:16144902, PMID:15958385, PMID:15944381, PMID:15906253, PMID:15905513, PMID:15790962, PMID:15788413, PMID:15731241, PMID:15647781, PMID:15611340, PMID:15576412, PMID:15574878, PMID:15574741, PMID:15549135, PMID:15452147, PMID:15448134, PMID:15358735, PMID:15358598, PMID:15342725, PMID:15308568, PMID:15105831, PMID:14973298, PMID:14769803, PMID:14676211, PMID:14627723, PMID:14623820, PMID:14607778, PMID:14561649, PMID:12917292, 
    PMID:12826675, PMID:12794186, PMID:12783787, PMID:12777399, PMID:12718749, PMID:12642500, PMID:12591935, PMID:12514095, PMID:12446717, PMID:12438432, PMID:12403816, PMID:12403719, PMID:12223563, PMID:12223532, PMID:12208655, PMID:12119356, PMID:12101099, PMID:12070616, PMID:12050111, PMID:12000744, PMID:11967265, PMID:11897009, PMID:11839819, PMID:11823422, PMID:11799064, PMID:11782411, PMID:11701723, PMID:11700858, PMID:11600492, PMID:11600426, 
    PMID:11549580, PMID:11267869, PMID:11120787, PMID:11090127, PMID:11085987, PMID:11076763, PMID:11046149, PMID:10903180, PMID:10884418, PMID:10862754, PMID:10830287, PMID:10811842, PMID:10811839, PMID:10806097, PMID:10804188, PMID:10799546, PMID:10791981, PMID:10783395, PMID:10779430, PMID:10749942, PMID:10744726, PMID:10704384, PMID:10688816, PMID:10669757, PMID:10603347, PMID:10545110, PMID:10523497, PMID:10521439, PMID:10510344, PMID:10506182, 
    PMID:10493744, PMID:10459009, PMID:10423016, PMID:10413675, PMID:10409762, PMID:10373500, PMID:10329602, PMID:10097139, PMID:10082551, PMID:10022918"
"dx"	"kuz"	"7227.FBpp0070876"	"7227.FBpp0111799"	0	0	0	0	0	0	0	0	0	0	499	493	0	735	0	"PMID:9428413, PMID:24855951, PMID:24528630, PMID:24244188, PMID:23226392, PMID:22720165, PMID:22558447, PMID:21750738, PMID:20530696, PMID:20208568, PMID:20156974, PMID:19471605, PMID:18635581, PMID:18483362, PMID:17938237, PMID:17556669, PMID:16908627, PMID:15452147, PMID:14623820, PMID:10862754, PMID:10804188, PMID:10791981, PMID:10783395, PMID:10704384"
"aph-1"	"kuz"	"7227.FBpp0077400"	"7227.FBpp0111799"	0	0	0	0	0	0	0	0	0	900	0	525	146	955	0	"PMID:24704358, PMID:24244188, PMID:24108142, PMID:23238734, PMID:22783199, PMID:22547976, PMID:21979940, PMID:20530696, PMID:19578515, PMID:19415127, PMID:19114997, PMID:19067488, PMID:18050403, PMID:17878232, PMID:17259169, PMID:17148788, PMID:15105831, PMID:10804188"
"fng"	"kuz"	"7227.FBpp0077925"	"7227.FBpp0111799"	0	0	0	0	0	0	0	0	0	0	0	536	0	536	0	"PMID:9653148, PMID:9637676, PMID:24704358, PMID:24043949, PMID:23231322, PMID:23152840, PMID:23072667, PMID:22824137, PMID:22720165, PMID:21989947, PMID:21750738, PMID:20711994, PMID:20530696, PMID:19878565, PMID:19825158, PMID:19471605, PMID:19448274, PMID:19255248, PMID:18809725, PMID:18466624, PMID:18445292, PMID:18342499, PMID:18196925, PMID:18073442, PMID:17938237, PMID:17761886, PMID:17615350, PMID:17556669, PMID:17332535, PMID:17148788, 
    PMID:16489059, PMID:16144902, PMID:15906253, PMID:15576412, PMID:15574878, PMID:15459166, PMID:15452147, PMID:14973298, PMID:14769803, PMID:14627723, PMID:12917292, PMID:11700858, PMID:11264159, PMID:10903180, PMID:10862754, PMID:10704384, PMID:10409762, PMID:10194420"
"neur"	"kuz"	"7227.FBpp0081481"	"7227.FBpp0111799"	0	0	0	0	0	0	0	0	0	900	0	521	103	953	0	"PMID:9637676, PMID:9550718, PMID:9428413, PMID:9374401, PMID:9169848, PMID:24704358, PMID:24550912, PMID:24528630, PMID:24492843, PMID:24069306, PMID:23152840, PMID:22558447, PMID:21829530, PMID:21750738, PMID:20711994, PMID:20530696, PMID:19825158, PMID:19471605, PMID:19448274, PMID:19255248, PMID:18809725, PMID:18466624, PMID:17938237, PMID:17761886, PMID:17728463, PMID:17623096, PMID:17615350, PMID:17556669, PMID:16489059, PMID:15790962, 
    PMID:15452147, PMID:14973298, PMID:14627723, PMID:14623820, PMID:12642500, PMID:12403816, PMID:12050111, PMID:11076763, PMID:10603347"
"H"	"kuz"	"7227.FBpp0083322"	"7227.FBpp0111799"	0	0	0	0	0	399	0	736	0	0	0	0	0	834	0	"NA"
"Ser"	"kuz"	"7227.FBpp0084498"	"7227.FBpp0111799"	0	0	0	0	0	0	0	736	0	900	0	44	224	977	0	"PMID:21412342, PMID:15342738, PMID:12642500"
"Tace"	"kuz"	"7227.FBpp0084917"	"7227.FBpp0111799"	0	0	0	0	655	0	0	0	0	900	0	859	694	932	0	"PMID:9920899, PMID:9733803, PMID:9618175, PMID:9614196, PMID:9593739, PMID:9428412, PMID:24410826, PMID:24244188, PMID:24043949, PMID:24019071, PMID:23589494, PMID:23271979, PMID:23232767, PMID:23072667, PMID:22550518, PMID:22431918, PMID:22189475, PMID:22110363, PMID:21979940, PMID:20856931, PMID:20805556, PMID:20711994, PMID:20351171, PMID:19959661, PMID:19825158, PMID:19415127, PMID:19255248, PMID:19067488, PMID:19059839, PMID:18713724, 
    PMID:18650430, PMID:18411416, PMID:18050403, PMID:17938237, PMID:17761886, PMID:17148788, PMID:17107962, PMID:16930452, PMID:16399672, PMID:16197940, PMID:15958385, PMID:15944381, PMID:15906253, PMID:15905513, PMID:15790962, PMID:15637293, PMID:15611340, PMID:15576412, PMID:15574878, PMID:15342725, PMID:15105831, PMID:14993374, PMID:14993373, PMID:14993372, PMID:14993371, PMID:14973298, PMID:12897135, PMID:12794186, PMID:12682046, PMID:12223532, 
    PMID:12119356, PMID:12031976, PMID:11799064, PMID:11796737, PMID:11782411, PMID:11700858, PMID:11600492, PMID:11278243, PMID:11090127, PMID:10825303, PMID:10806097, PMID:10799546, PMID:10749942, PMID:10744726, PMID:10523497, PMID:10521439, PMID:10510344, PMID:10373500, PMID:10097139"
"Hey"	"kuz"	"7227.FBpp0087945"	"7227.FBpp0111799"	0	0	0	0	0	0	0	0	0	0	0	121	108	182	0	"PMID:22550518, PMID:21527733, PMID:20959466, PMID:20852131, PMID:20530696, PMID:20208568, PMID:19825158, PMID:19059839, PMID:18483362, PMID:17615350, PMID:16489059, PMID:15277479"
"gro"	"kuz"	"7227.FBpp0089115"	"7227.FBpp0111799"	0	0	0	0	0	148	0	0	0	0	0	198	0	287	0	"PMID:9835652, PMID:9637676, PMID:9428421, PMID:9374401, PMID:23152840, PMID:22720165, PMID:21212394, PMID:20711994, PMID:20208568, PMID:20182623, PMID:19471605, PMID:19448274, PMID:19176515, PMID:18073442, PMID:17761886, PMID:16908627, PMID:14623820, PMID:12642500, PMID:11181995, PMID:10603347, PMID:10194420"
"ebi"	"Nup153"	"7227.FBpp0077715"	"7227.FBpp0112385"	0	0	0	0	0	255	0	0	0	0	0	0	0	254	0	"NA"
"smo"	"Nup153"	"7227.FBpp0077788"	"7227.FBpp0112385"	0	0	0	0	0	157	0	0	0	0	0	48	0	163	0	"PMID:8688559, PMID:20174585, PMID:20174442, PMID:16371587"
"Hdac3"	"Nup153"	"7227.FBpp0078414"	"7227.FBpp0112385"	0	0	0	0	0	0	0	0	0	0	678	48	0	680	0	"PMID:21970986, PMID:21937451, PMID:21795760, PMID:18630508, PMID:11555636"
"H"	"Nup153"	"7227.FBpp0083322"	"7227.FBpp0112385"	0	0	0	0	0	422	0	0	0	0	0	0	0	422	0	"NA"
"lin19"	"Nup153"	"7227.FBpp0087921"	"7227.FBpp0112385"	0	0	0	0	0	224	0	0	0	0	0	0	0	224	0	"NA"
"gro"	"Nup153"	"7227.FBpp0089115"	"7227.FBpp0112385"	0	0	0	0	0	186	0	0	0	0	0	48	0	191	0	"PMID:23047597, PMID:21937451, PMID:16314428, PMID:12105182"
"kuz"	"Nup153"	"7227.FBpp0111799"	"7227.FBpp0112385"	0	0	0	0	0	305	0	0	0	0	0	0	0	305	0	"NA"
"GstE10"	"CG34043"	"7227.FBpp0085905"	"7227.FBpp0289637"	0	0	0	0	0	223	0	0	0	0	0	0	0	223	0	"NA"
"lin19"	"loj"	"7227.FBpp0087921"	"7227.FBpp0290661"	0	0	0	0	0	0	0	0	0	0	0	299	0	299	0	"PMID:22606329, PMID:21931660, PMID:20603601, PMID:19679553, PMID:17954973, PMID:16052071, PMID:15930321, PMID:12683917"
"Hey"	"loj"	"7227.FBpp0087945"	"7227.FBpp0290661"	0	0	0	0	0	0	0	0	0	0	0	193	0	193	0	"PMID:7628698, PMID:2731728, PMID:19147940, PMID:18687786, PMID:17878512, PMID:17237346, PMID:16046618"
"N"	"nct"	"7227.FBpp0070483"	"7227.FBpp0291079"	0	0	0	0	0	0	0	985	0	900	472	817	163	999	0	"PMID:8887652, PMID:8725234, PMID:8601489, PMID:6807751, PMID:25014769, PMID:24988207, PMID:24977024, PMID:24959528, PMID:24790636, PMID:24704358, PMID:24528630, PMID:24410826, PMID:24391587, PMID:24381528, PMID:24278680, PMID:24244188, PMID:24108142, PMID:24043949, PMID:23609534, PMID:23504135, PMID:23242680, PMID:23238734, PMID:23172856, PMID:23110206, PMID:23032367, PMID:22866952, PMID:22720165, PMID:22617385, PMID:22590650, PMID:22587874, 
    PMID:22506131, PMID:22496554, PMID:22482072, PMID:22438552, PMID:22403555, PMID:22398391, PMID:22356765, PMID:22111016, PMID:22086926, PMID:22005572, PMID:21979940, PMID:21822534, PMID:21775282, PMID:21768095, PMID:21685396, PMID:21673973, PMID:21653840, PMID:21559374, PMID:21533193, PMID:21445342, PMID:21415381, PMID:21310068, PMID:21296884, PMID:21262834, PMID:21126173, PMID:21048561, PMID:20971825, PMID:20927381, PMID:20881124, PMID:20852131, 
    PMID:20687300, PMID:20686363, PMID:20570903, PMID:20530696, PMID:20482315, PMID:20460383, PMID:20421416, PMID:20393191, PMID:20385725, PMID:20299451, PMID:20237298, PMID:20173332, PMID:20130175, PMID:19995916, PMID:19861404, PMID:19779553, PMID:19763259, PMID:19759516, PMID:19730737, PMID:19723764, PMID:19701455, PMID:19519249, PMID:19494151, PMID:19474148, PMID:19415127, PMID:19369254, PMID:19276086, PMID:19255248, PMID:19213921, PMID:19189971, 
    PMID:19189643, PMID:19129390, PMID:19114997, PMID:19106307, PMID:19067488, PMID:19059839, PMID:19057508, PMID:19008955, PMID:18840288, PMID:18834536, PMID:18829843, PMID:18697993, PMID:18650430, PMID:18599481, PMID:18575606, PMID:18550769, PMID:18474109, PMID:18256384, PMID:17988153, PMID:17967888, PMID:17965014, PMID:17928364, PMID:17890366, PMID:17890228, PMID:17878232, PMID:17854491, PMID:17761886, PMID:17716970, PMID:17522241, PMID:17409286, 
    PMID:17404512, PMID:17376817, PMID:17329245, PMID:17327402, PMID:17286867, PMID:17259169, PMID:17248215, PMID:17247703, PMID:17245125, PMID:17215299, PMID:17148788, PMID:17105873, PMID:17105660, PMID:16944319, PMID:16930452, PMID:16930450, PMID:16880534, PMID:16818743, PMID:16810324, PMID:16670760, PMID:16597736, PMID:16542414, PMID:16507111, PMID:16489059, PMID:16415372, PMID:16384915, PMID:16291593, PMID:16252002, PMID:16234244, PMID:16148264, 
    PMID:16145661, PMID:16141223, PMID:16103123, PMID:16014629, PMID:16011804, PMID:16000382, PMID:15972961, PMID:15958385, PMID:15940829, PMID:15890777, PMID:15665098, PMID:15644323, PMID:15614725, PMID:15592359, PMID:15574741, PMID:15549135, PMID:15448134, PMID:15299016, PMID:15294909, PMID:15274632, PMID:15257293, PMID:15247291, PMID:15240571, PMID:15220354, PMID:15215237, PMID:15187023, PMID:15163359, PMID:15123653, PMID:15105831, PMID:15102905, 
    PMID:14973298, PMID:14734656, PMID:14724271, PMID:14623820, PMID:14585160, PMID:12966028, PMID:12944419, PMID:12917438, PMID:12917292, PMID:12885769, PMID:12857757, PMID:12826675, PMID:12821663, PMID:12815056, PMID:12808018, PMID:12777371, PMID:12771124, PMID:12756167, PMID:12740439, PMID:12716934, PMID:12697771, PMID:12692078, PMID:12660785, PMID:12639958, PMID:12631384, PMID:12588845, PMID:12584255, PMID:12522139, PMID:12438432, PMID:12388777, 
    PMID:12223532, PMID:12223465, PMID:12198112, PMID:12193407, PMID:12147673, PMID:12130643, PMID:12048259, PMID:12032140, PMID:11943765, PMID:11896189, PMID:11884509, PMID:11877420, PMID:11869933, PMID:11782316, PMID:11782315, PMID:11781576, PMID:11432849, PMID:11230145, PMID:10617772"
"dx"	"nct"	"7227.FBpp0070876"	"7227.FBpp0291079"	0	0	0	0	0	136	0	0	0	0	0	359	0	422	0	"PMID:8725234, PMID:8601489, PMID:24528630, PMID:24244188, PMID:22720165, PMID:22111016, PMID:20530696, PMID:19995916, PMID:19779553, PMID:19340001, PMID:19189643, PMID:18628966, PMID:17404512, PMID:16818743, PMID:16542414, PMID:16291593, PMID:15187023, PMID:14623820, PMID:11884509, PMID:11425854"
"aph-1"	"nct"	"7227.FBpp0077400"	"7227.FBpp0291079"	0	0	0	0	0	0	0	0	793	900	499	952	545	999	0	"PMID:24959528, PMID:24704358, PMID:24403873, PMID:24391587, PMID:24252417, PMID:24244188, PMID:24108142, PMID:23609534, PMID:23504135, PMID:23238734, PMID:22783199, PMID:22547976, PMID:22049413, PMID:21979940, PMID:21795536, PMID:21775282, PMID:21768095, PMID:21685396, PMID:21677357, PMID:21636854, PMID:21533193, PMID:21476939, PMID:21445342, PMID:21310068, PMID:20937894, PMID:20570903, PMID:20552046, PMID:20530696, PMID:20299451, PMID:19783945, 
    PMID:19578515, PMID:19519249, PMID:19494151, PMID:19415127, PMID:19276086, PMID:19114997, PMID:19067488, PMID:18834536, PMID:18697993, PMID:18599481, PMID:18550769, PMID:18497317, PMID:18474109, PMID:17988153, PMID:17965014, PMID:17928364, PMID:17890228, PMID:17878232, PMID:17650315, PMID:17387279, PMID:17329245, PMID:17259169, PMID:17245125, PMID:17148788, PMID:16675392, PMID:16507571, PMID:16384915, PMID:16291593, PMID:16234244, PMID:16103123, 
    PMID:15644323, PMID:15634781, PMID:15592359, PMID:15299016, PMID:15220354, PMID:15215237, PMID:15123653, PMID:15105831, PMID:15102905, PMID:15069204, PMID:15039426, PMID:12777371, PMID:12771124, PMID:12660785, PMID:12522139, PMID:12147673"
"smo"	"nct"	"7227.FBpp0077788"	"7227.FBpp0291079"	0	0	0	0	0	374	0	0	0	0	0	80	0	399	0	"PMID:24977024, PMID:24043949, PMID:23032367, PMID:20971825, PMID:20385725, PMID:19474148, PMID:19189643, PMID:18829843, PMID:17712480, PMID:17640486"
"fng"	"nct"	"7227.FBpp0077925"	"7227.FBpp0291079"	0	0	0	0	0	0	0	0	0	0	0	353	0	353	0	"PMID:24793865, PMID:24704358, PMID:24499518, PMID:24043949, PMID:22720165, PMID:22587874, PMID:22111016, PMID:21775282, PMID:21262834, PMID:20971825, PMID:20711994, PMID:20530696, PMID:19995916, PMID:19779553, PMID:19255248, PMID:18497317, PMID:17761886, PMID:17409286, PMID:17376817, PMID:17215299, PMID:17148788, PMID:16818743, PMID:16542414, PMID:16489059, PMID:16291593, PMID:16141223, PMID:15940829, PMID:14973298, PMID:12917292, PMID:12756167, 
    PMID:11884509, PMID:11577080, PMID:10357943"
"neur"	"nct"	"7227.FBpp0081481"	"7227.FBpp0291079"	0	0	0	0	0	172	0	0	0	0	0	221	0	327	0	"PMID:8725234, PMID:8601489, PMID:24704358, PMID:24528630, PMID:23609534, PMID:20711994, PMID:20530696, PMID:19255248, PMID:18497317, PMID:17761886, PMID:17409286, PMID:16489059, PMID:16141223, PMID:16000382, PMID:14973298, PMID:14623820, PMID:11884509"
"H"	"nct"	"7227.FBpp0083322"	"7227.FBpp0291079"	0	0	0	0	0	249	0	0	0	0	0	0	0	248	0	"NA"
"Ser"	"nct"	"7227.FBpp0084498"	"7227.FBpp0291079"	0	0	0	0	0	0	0	0	0	0	0	0	638	638	0	"PMID:20090208"
"Tace"	"nct"	"7227.FBpp0084917"	"7227.FBpp0291079"	0	0	0	0	0	0	0	0	0	0	0	632	167	680	0	"PMID:24959528, PMID:24410826, PMID:24244188, PMID:24043949, PMID:23172856, PMID:22590650, PMID:21979940, PMID:21685396, PMID:21559374, PMID:20971825, PMID:20868222, PMID:20711994, PMID:20687300, PMID:19415127, PMID:19340001, PMID:19255248, PMID:19189643, PMID:19075186, PMID:19067488, PMID:19059839, PMID:18650430, PMID:18628966, PMID:18497317, PMID:18411416, PMID:17761886, PMID:17409286, PMID:17376817, PMID:17245125, PMID:17148788, PMID:16930452, 
    PMID:16415249, PMID:15958385, PMID:15240571, PMID:15187023, PMID:15123653, PMID:15105831, PMID:14973298, PMID:12223532, PMID:11884509, PMID:11425854"
"lin19"	"nct"	"7227.FBpp0087921"	"7227.FBpp0291079"	0	0	0	0	0	370	0	0	0	0	0	0	0	370	0	"PMID:24977024, PMID:21474436, PMID:21194351, PMID:19309256, PMID:17286867"
"Hey"	"nct"	"7227.FBpp0087945"	"7227.FBpp0291079"	0	0	0	0	0	0	0	0	0	0	0	287	76	313	0	"PMID:2841403, PMID:24959528, PMID:23050046, PMID:23032367, PMID:23028357, PMID:23024817, PMID:22617385, PMID:22572828, PMID:22339371, PMID:21956590, PMID:21893939, PMID:21282611, PMID:20971825, PMID:20881124, PMID:20852131, PMID:20686363, PMID:20530696, PMID:20458166, PMID:19737088, PMID:19737086, PMID:19684456, PMID:19186998, PMID:19059839, PMID:18697993, PMID:17511024, PMID:17409286, PMID:17376817, PMID:17247703, PMID:16670760, PMID:16489059, 
    PMID:16341263, PMID:16291593, PMID:15745965"
"gro"	"nct"	"7227.FBpp0089115"	"7227.FBpp0291079"	0	0	0	0	0	137	0	0	0	0	0	103	0	192	0	"PMID:9729611, PMID:8725234, PMID:24073229, PMID:22720165, PMID:21262834, PMID:20711994, PMID:17761886, PMID:14623820, PMID:12223465, PMID:10357943, PMID:10101116"
"kuz"	"nct"	"7227.FBpp0111799"	"7227.FBpp0291079"	0	0	0	0	0	159	0	0	0	900	0	639	489	982	0	"PMID:24959218, PMID:24704358, PMID:24528630, PMID:24410826, PMID:24244188, PMID:24108142, PMID:24043949, PMID:23238734, PMID:22783199, PMID:22720165, PMID:22547976, PMID:22398391, PMID:22254144, PMID:22086926, PMID:21979940, PMID:20852131, PMID:20711994, PMID:20530696, PMID:20460383, PMID:20393191, PMID:20220101, PMID:20130175, PMID:19923287, PMID:19763259, PMID:19723764, PMID:19701455, PMID:19578515, PMID:19415127, PMID:19255248, PMID:19114997, 
    PMID:19067488, PMID:19059839, PMID:18650430, PMID:18411416, PMID:18340337, PMID:18281458, PMID:18184369, PMID:18038275, PMID:17878232, PMID:17761886, PMID:17496832, PMID:17259169, PMID:17148788, PMID:16944319, PMID:16930452, PMID:16489059, PMID:16444901, PMID:15958385, PMID:15574741, PMID:15549135, PMID:15448134, PMID:15105831, PMID:14973298, PMID:14623820, PMID:12917292, PMID:12826675, PMID:12438432, PMID:12223532"
"Nup153"	"nct"	"7227.FBpp0112385"	"7227.FBpp0291079"	0	0	0	0	0	326	0	0	0	0	0	42	0	326	0	"PMID:18228033"
"N"	"EcR"	"7227.FBpp0070483"	"7227.FBpp0291631"	0	0	0	0	0	109	0	0	0	0	0	399	0	441	0	"PMID:9636080, PMID:9348346, PMID:7958912, PMID:7867504, PMID:24949430, PMID:24945255, PMID:24710550, PMID:24586968, PMID:24440396, PMID:24357227, PMID:24295205, PMID:24127599, PMID:24074028, PMID:24068890, PMID:23839338, PMID:23383307, PMID:23271984, PMID:23213409, PMID:23185495, PMID:23166712, PMID:23115191, PMID:23056538, PMID:22988450, PMID:22912810, PMID:22792190, PMID:22720165, PMID:22661915, PMID:22563243, PMID:22485144, PMID:22147907, 
    PMID:22131903, PMID:22005572, PMID:21937884, PMID:21651764, PMID:21518857, PMID:21483667, PMID:21482673, PMID:21385730, PMID:21352545, PMID:21298067, PMID:21212394, PMID:21203589, PMID:21115818, PMID:2110921, PMID:21059887, PMID:20959619, PMID:20881124, PMID:20685964, PMID:20668662, PMID:20595229, PMID:20569203, PMID:20551433, PMID:20442782, PMID:20308360, PMID:2016053, PMID:20122139, PMID:20061803, PMID:20038531, PMID:19574532, PMID:19378459, 
    PMID:19240253, PMID:19223557, PMID:19154610, PMID:19098434, PMID:19015542, PMID:18820463, PMID:18779369, PMID:18614577, PMID:18577233, PMID:18556469, PMID:18391175, PMID:18391169, PMID:18377642, PMID:18369162, PMID:18067683, PMID:17937502, PMID:17928586, PMID:17898204, PMID:17615393, PMID:17609501, PMID:17322404, PMID:17309865, PMID:17082773, PMID:16963494, PMID:16763555, PMID:16728463, PMID:16528385, PMID:16469766, PMID:16434470, PMID:16397584, 
    PMID:16183916, PMID:15987768, PMID:15944381, PMID:15940829, PMID:15618481, PMID:15537690, PMID:15257293, PMID:15256501, PMID:1516831, PMID:14769827, PMID:14754886, PMID:12852852, PMID:12783990, PMID:12482982, PMID:12403714, PMID:12361960, PMID:12193407, PMID:12077188, PMID:12006672, PMID:11880638, PMID:11435614, PMID:11427693, PMID:11340170, PMID:11274417, PMID:11174844, PMID:11171343, PMID:11121510, PMID:11092806, PMID:11080159, PMID:10772652, 
    PMID:10631178, PMID:10368774"
"Ube3a"	"EcR"	"7227.FBpp0075916"	"7227.FBpp0291631"	0	0	0	0	0	0	0	0	93	0	0	163	0	208	0	"PMID:9852581, PMID:24058856, PMID:22267841, PMID:21527733, PMID:20943912, PMID:18650936, PMID:18515312, PMID:17047674, PMID:15677708, PMID:15656270, PMID:15005460, PMID:11588148"
"ebi"	"EcR"	"7227.FBpp0077715"	"7227.FBpp0291631"	0	0	0	0	0	0	0	0	0	0	0	170	0	169	0	"PMID:22792190, PMID:22666340, PMID:19678741, PMID:19043594, PMID:17519354, PMID:16763555, PMID:15940829, PMID:15695367, PMID:14645129, PMID:11427696, PMID:11145735"
"fng"	"EcR"	"7227.FBpp0077925"	"7227.FBpp0291631"	0	0	0	0	0	0	0	0	0	0	0	157	88	198	0	"PMID:24885009, PMID:24718369, PMID:22720165, PMID:22186017, PMID:21680471, PMID:21680459, PMID:21483667, PMID:19878565, PMID:19448274, PMID:18505883, PMID:18369162, PMID:17297145, PMID:16236766, PMID:15940829, PMID:14709173, PMID:12713017, PMID:11880638"
"Hdac3"	"EcR"	"7227.FBpp0078414"	"7227.FBpp0291631"	0	0	0	0	0	0	0	0	97	0	0	300	0	340	0	"PMID:22666340, PMID:22514307, PMID:22050674, PMID:21867551, PMID:21527733, PMID:21293009, PMID:21203589, PMID:21124834, PMID:21059887, PMID:20367257, PMID:19678741, PMID:19377285, PMID:19243223, PMID:19129513, PMID:19043594, PMID:19008924, PMID:18454196, PMID:18393635, PMID:18391169, PMID:18174916, PMID:17991879, PMID:17803358, PMID:17519354, PMID:17090700, PMID:16763555, PMID:16582985, PMID:16481466, PMID:16212874, PMID:15695367, PMID:15677708, 
    PMID:15192080, PMID:15016912, PMID:14645129, PMID:12446772, PMID:12077326, PMID:12052894, PMID:11909814, PMID:11427696, PMID:11427693, PMID:11145735"
"neur"	"EcR"	"7227.FBpp0081481"	"7227.FBpp0291631"	0	0	0	0	0	196	0	0	0	0	0	57	0	209	0	"PMID:7958912, PMID:20367257, PMID:19448274, PMID:18573871, PMID:17118159, PMID:16267093, PMID:1516831, PMID:14709173"
"H"	"EcR"	"7227.FBpp0083322"	"7227.FBpp0291631"	0	0	0	0	0	213	0	0	0	0	0	0	0	213	0	"PMID:1516831, PMID:11438594"
"Hey"	"EcR"	"7227.FBpp0087945"	"7227.FBpp0291631"	0	0	0	0	0	0	0	0	0	0	0	222	0	222	0	"PMID:7851783, PMID:22937093, PMID:22661915, PMID:22292011, PMID:21937884, PMID:21729283, PMID:21606367, PMID:21527733, PMID:21352545, PMID:21345978, PMID:2110921, PMID:20935518, PMID:20881124, PMID:20864816, PMID:20668662, PMID:20585501, PMID:20543559, PMID:20479940, PMID:20160481, PMID:20061803, PMID:19684108, PMID:19098434, PMID:18687735, PMID:18391175, PMID:18369162, PMID:18272690, PMID:17416640, PMID:17247338, PMID:17237346, PMID:16763555, 
    PMID:16437159, PMID:15901668, PMID:1516831, PMID:14769827, PMID:14749431, PMID:11909814"
"gro"	"EcR"	"7227.FBpp0089115"	"7227.FBpp0291631"	0	0	0	0	0	123	0	0	97	0	0	258	0	361	0	"PMID:7958912, PMID:24244197, PMID:22949507, PMID:22720165, PMID:22485144, PMID:21546760, PMID:21385730, PMID:21212394, PMID:21203442, PMID:20926656, PMID:20688956, PMID:20551433, PMID:20194965, PMID:20107208, PMID:19448274, PMID:19197358, PMID:19043594, PMID:18715994, PMID:18454196, PMID:18369162, PMID:17923694, PMID:17881611, PMID:17615393, PMID:16917507, PMID:16880385, PMID:16547170, PMID:16294024, PMID:14645129, PMID:12952888, PMID:12052894, 
    PMID:12023297, PMID:11909814, PMID:11493575, PMID:11311169, PMID:11113191, PMID:11080159, PMID:11023972, PMID:10531441, PMID:10377270"
"h"	"EcR"	"7227.FBpp0099504"	"7227.FBpp0291631"	0	0	0	0	0	0	0	0	0	0	0	166	0	165	0	"PMID:9570770, PMID:24217617, PMID:22403242, PMID:21720545, PMID:20959619, PMID:20940404, PMID:2044954, PMID:20367257, PMID:20200449, PMID:18084051, PMID:18032650, PMID:17928434, PMID:16959968, PMID:16501026, PMID:15940829, PMID:15618481, PMID:15601881, PMID:15479858, PMID:15456813, PMID:15455051, PMID:14610026, PMID:12466195, PMID:11923209, PMID:10851134"
"kuz"	"EcR"	"7227.FBpp0111799"	"7227.FBpp0291631"	0	0	0	0	0	185	0	0	0	0	0	90	0	226	0	"PMID:9267764, PMID:22720165, PMID:21527733, PMID:21212394, PMID:19878565, PMID:19448274, PMID:17937502, PMID:16306453, PMID:16051667, PMID:15944381"
"lin19"	"Ctr1A"	"7227.FBpp0087921"	"7227.FBpp0300818"	0	0	0	0	0	0	0	0	0	0	0	0	164	163	0	"NA"
"N"	"Smr"	"7227.FBpp0070483"	"7227.FBpp0305909"	0	0	0	0	0	113	0	69	68	0	472	298	67	671	0	"PMID:9852149, PMID:9822714, PMID:9162037, PMID:8804307, PMID:7958901, PMID:6300356, PMID:3142853, PMID:24977024, PMID:24618901, PMID:24358021, PMID:23913923, PMID:23213409, PMID:23166712, PMID:22927943, PMID:22879948, PMID:22355117, PMID:22298658, PMID:22041576, PMID:21886484, PMID:21635778, PMID:21041480, PMID:20485341, PMID:18929655, PMID:18776638, PMID:18757933, PMID:18430928, PMID:18039873, PMID:17903264, PMID:17322404, PMID:17251265, 
    PMID:17246310, PMID:17245914, PMID:16763555, PMID:16504047, PMID:16103211, PMID:15930109, PMID:1350558, PMID:12897056, PMID:12388116, PMID:12230979, PMID:12223465, PMID:11435614, PMID:11080159, PMID:10698942"
"ebi"	"Smr"	"7227.FBpp0077715"	"7227.FBpp0305909"	0	0	0	0	0	0	0	0	891	0	0	493	910	994	0	"PMID:24618901, PMID:22666340, PMID:22041576, PMID:20700451, PMID:19043594, PMID:18929655, PMID:18430928, PMID:18309295, PMID:17519354, PMID:16763555, PMID:16421255, PMID:15930109, PMID:15695367, PMID:15491994, PMID:14645129, PMID:11113190"
"Hdac3"	"Smr"	"7227.FBpp0078414"	"7227.FBpp0305909"	0	0	0	0	0	0	0	0	804	0	678	525	726	990	0	"PMID:24636457, PMID:24618901, PMID:24607507, PMID:22927943, PMID:22913342, PMID:22879948, PMID:22666340, PMID:22050674, PMID:21941619, PMID:21737682, PMID:20926591, PMID:20628574, PMID:20167942, PMID:20133788, PMID:19043594, PMID:18929655, PMID:18714374, PMID:18568057, PMID:18454196, PMID:18451879, PMID:18430928, PMID:18309295, PMID:17519354, PMID:17090700, PMID:16912271, PMID:16763555, PMID:16632473, PMID:16481466, PMID:16421255, PMID:16121196, 
    PMID:15695367, PMID:15491994, PMID:15016912, PMID:14645129, PMID:12446772, PMID:12223465, PMID:12077326, PMID:11909966, PMID:11784859, PMID:11416139, PMID:11331609, PMID:11113190, PMID:11102443"
"H"	"Smr"	"7227.FBpp0083322"	"7227.FBpp0305909"	0	0	0	0	0	188	0	0	0	0	0	0	0	188	0	"NA"
"Hey"	"Smr"	"7227.FBpp0087945"	"7227.FBpp0305909"	0	0	0	0	0	0	0	0	98	0	0	102	719	752	0	"PMID:23275874, PMID:21635778, PMID:21283619, PMID:21124962, PMID:20615942, PMID:20167942, PMID:19018274, PMID:18039873, PMID:16763555, PMID:16103211, PMID:15930109"
"gro"	"Smr"	"7227.FBpp0089115"	"7227.FBpp0305909"	0	0	0	0	0	137	0	0	0	0	0	260	64	350	0	"PMID:9632760, PMID:21737682, PMID:21041480, PMID:19448274, PMID:19437622, PMID:19247946, PMID:19043594, PMID:18929655, PMID:18454196, PMID:18309295, PMID:18039873, PMID:16611987, PMID:16186109, PMID:16103211, PMID:14645129, PMID:12223465, PMID:11493575, PMID:11416139, PMID:11113190, PMID:11080159, PMID:11023972"
"Lasp"	"Smr"	"7227.FBpp0099495"	"7227.FBpp0305909"	0	0	0	0	0	183	0	0	0	0	0	0	0	183	0	"NA"
"h"	"Smr"	"7227.FBpp0099504"	"7227.FBpp0305909"	0	0	0	0	0	110	0	0	68	0	578	77	131	668	0	"PMID:24636457, PMID:23372826, PMID:21411528, PMID:21305002, PMID:20139718, PMID:19325170, PMID:12897056, PMID:11970952, PMID:11923209, PMID:10893261"
"kuz"	"Smr"	"7227.FBpp0111799"	"7227.FBpp0305909"	0	0	0	0	0	339	0	0	0	0	0	43	0	340	0	"PMID:20139718, PMID:19448274"
"Nup153"	"Smr"	"7227.FBpp0112385"	"7227.FBpp0305909"	0	0	0	0	0	445	0	0	0	0	0	44	0	446	0	"PMID:19067489"
"EcR"	"Smr"	"7227.FBpp0291631"	"7227.FBpp0305909"	0	0	0	0	0	169	0	736	136	0	0	634	101	926	0	"PMID:9790572, PMID:8224849, PMID:24732043, PMID:24007644, PMID:23300902, PMID:23213409, PMID:23166712, PMID:22912598, PMID:22666340, PMID:22209907, PMID:22050674, PMID:21989237, PMID:21981918, PMID:21900267, PMID:21273704, PMID:20652016, PMID:20584983, PMID:19995917, PMID:19448274, PMID:19350016, PMID:19214204, PMID:19043594, PMID:18773074, PMID:18573871, PMID:18454196, PMID:18188155, PMID:17519354, PMID:17322404, PMID:17256009, PMID:17246918, 
    PMID:17090700, PMID:17015464, PMID:16763555, PMID:16595883, PMID:16481466, PMID:16354717, PMID:15914712, PMID:15695367, PMID:15107428, PMID:15016912, PMID:14645129, PMID:12934068, PMID:12446772, PMID:12370123, PMID:12077326, PMID:11923209, PMID:11564603, PMID:11493575, PMID:11435614, PMID:11390354, PMID:11080159, PMID:11023972, PMID:10809233, PMID:10488333, PMID:10359315"
"dx"	"usp"	"7227.FBpp0070876"	"7227.FBpp0305937"	0	0	0	0	0	213	0	0	0	0	0	0	0	213	0	"NA"
"ebi"	"usp"	"7227.FBpp0077715"	"7227.FBpp0305937"	0	0	0	0	0	0	0	0	0	900	0	49	0	900	0	"PMID:19043594, PMID:14645129, PMID:11427696"
"EcR"	"usp"	"7227.FBpp0291631"	"7227.FBpp0305937"	0	0	0	0	645	0	0	993	819	900	345	991	166	999	0	"PMID:9988692, PMID:9852581, PMID:9843674, PMID:9806919, PMID:9790883, PMID:9765285, PMID:9717838, PMID:9716721, PMID:9661293, PMID:9653129, PMID:9637680, PMID:9636080, PMID:9581538, PMID:9580693, PMID:9576103, PMID:9570766, PMID:9521900, PMID:9514150, PMID:9501155, PMID:9460643, PMID:9408090, PMID:9391054, PMID:9224274, PMID:9216992, PMID:9165123, PMID:9134712, PMID:9131781, PMID:9131780, PMID:9122185, PMID:9104497, PMID:9101138, 
    PMID:9053308, PMID:9030683, PMID:8900593, PMID:8892313, PMID:8887679, PMID:8878682, PMID:8797587, PMID:8725145, PMID:8664420, PMID:8649409, PMID:8641050, PMID:8622939, PMID:8582609, PMID:8544820, PMID:8524239, PMID:8392478, PMID:8385270, PMID:8385039, PMID:8307324, PMID:8269843, PMID:8223281, PMID:8196667, PMID:8167571, PMID:8164672, PMID:8139576, PMID:8119129, PMID:8088449, PMID:8007953, PMID:8001825, PMID:7926749, PMID:7867504, PMID:7743931, 
    PMID:7649469, PMID:7644522, PMID:7597096, PMID:7579577, PMID:7479823, PMID:24982879, PMID:24945490, PMID:24885009, PMID:24866149, PMID:24845618, PMID:24805353, PMID:24794300, PMID:24709670, PMID:24704038, PMID:24688471, PMID:24669853, PMID:24586968, PMID:24556639, PMID:24507557, PMID:24465866, PMID:24361692, PMID:24336022, PMID:24285708, PMID:24204269, PMID:24204210, PMID:24173800, PMID:24173588, PMID:24133450, PMID:24120505, PMID:24068890, 
    PMID:24058856, PMID:24043825, PMID:24023771, PMID:24007644, PMID:23873076, PMID:23839338, PMID:23727127, PMID:23684738, PMID:23383307, PMID:23321980, PMID:23300902, PMID:23211750, PMID:23197702, PMID:23185495, PMID:23185238, PMID:23166644, PMID:23166607, PMID:23078528, PMID:23056242, PMID:23049766, PMID:23039844, PMID:22992320, PMID:22937093, PMID:22912598, PMID:22808194, PMID:22761585, PMID:22694217, PMID:22685585, PMID:22676916, PMID:22654869, 
    PMID:22654867, PMID:22654845, PMID:22628309, PMID:22574182, PMID:22479195, PMID:22308414, PMID:22131903, PMID:22050674, PMID:22002123, PMID:21991338, PMID:21989237, PMID:21971987, PMID:21958154, PMID:21937884, PMID:21901121, PMID:21900267, PMID:21832074, PMID:21795845, PMID:21734461, PMID:21734460, PMID:21734458, PMID:21734456, PMID:21734455, PMID:21734454, PMID:21734452, PMID:21734450, PMID:21715559, PMID:21680471, PMID:21680459, PMID:21655217, 
    PMID:21625546, PMID:21585578, PMID:21521537, PMID:21264254, PMID:21190938, PMID:21173217, PMID:21125558, PMID:21124981, PMID:21047941, PMID:20957188, PMID:20803583, PMID:20686704, PMID:20585501, PMID:20584983, PMID:20433737, PMID:20430856, PMID:20346164, PMID:20231890, PMID:20226095, PMID:20215472, PMID:20209436, PMID:20167077, PMID:20152013, PMID:20139421, PMID:20122139, PMID:20093179, PMID:20044931, PMID:20027309, PMID:20003373, PMID:19995917, 
    PMID:19887892, PMID:19878565, PMID:19863811, PMID:19785751, PMID:19750549, PMID:19710167, PMID:19646872, PMID:19552814, PMID:19490110, PMID:19463195, PMID:19428996, PMID:19389369, PMID:19268446, PMID:19267937, PMID:19237466, PMID:19218617, PMID:19214204, PMID:19211788, PMID:19154610, PMID:19126866, PMID:19043594, PMID:19015542, PMID:18980211, PMID:18769621, PMID:18716336, PMID:18695041, PMID:18689425, PMID:18616799, PMID:18614577, PMID:18606996, 
    PMID:1860615, PMID:18566664, PMID:18550751, PMID:18245346, PMID:18202373, PMID:18174916, PMID:18171683, PMID:18154659, PMID:17959850, PMID:17958902, PMID:17956872, PMID:17924685, PMID:17884338, PMID:17673910, PMID:17666588, PMID:17625007, PMID:17622316, PMID:17591924, PMID:17577409, PMID:17570491, PMID:17426125, PMID:17400815, PMID:1732738, PMID:17322404, PMID:17297145, PMID:17256009, PMID:17201771, PMID:17082813, PMID:17069641, PMID:17069634, 
    PMID:17065383, PMID:17064257, PMID:17015464, PMID:17011166, PMID:16914501, PMID:16880385, PMID:16879736, PMID:16855383, PMID:16850036, PMID:16783823, PMID:16756554, PMID:16707581, PMID:16672345, PMID:16651450, PMID:16547170, PMID:16495309, PMID:16490782, PMID:16481466, PMID:16356271, PMID:16354717, PMID:16284119, PMID:16267093, PMID:16264191, PMID:16230625, PMID:16211082, PMID:16210248, PMID:16122351, PMID:16116792, PMID:16087883, PMID:16081615, 
    PMID:16043864, PMID:15987944, PMID:15953509, PMID:15946903, PMID:15914712, PMID:15861218, PMID:15844229, PMID:15841227, PMID:15841223, PMID:15821117, PMID:15809296, PMID:15794746, PMID:15788394, PMID:15776001, PMID:15660250, PMID:15659487, PMID:15591032, PMID:15473904, PMID:15455059, PMID:15455055, PMID:15455050, PMID:15455045, PMID:15350617, PMID:15317132, PMID:15229322, PMID:15192079, PMID:15189568, PMID:15184511, PMID:15150408, PMID:15123783, 
    PMID:15107428, PMID:15105832, PMID:14993640, PMID:14990570, PMID:14977043, PMID:14976192, PMID:14756337, PMID:14693382, PMID:14645129, PMID:14630695, PMID:14624885, PMID:14610026, PMID:14603321, PMID:14599496, PMID:14595016, PMID:14594447, PMID:14593204, PMID:1327536, PMID:12934068, PMID:12881508, PMID:12809604, PMID:12746335, PMID:12674504, PMID:12674500, PMID:12654933, PMID:12556479, PMID:12554759, PMID:12522263, PMID:12502734, PMID:12464688, 
    PMID:12459199, PMID:12422244, PMID:12411578, PMID:12370123, PMID:12213236, PMID:12117766, PMID:12084064, PMID:12039078, PMID:12023297, PMID:11940655, PMID:11923209, PMID:11919265, PMID:11867625, PMID:11807040, PMID:11804781, PMID:11755059, PMID:11707498, PMID:11590207, PMID:11585799, PMID:11572785, PMID:11564603, PMID:11435614, PMID:11432742, PMID:11427696, PMID:11416209, PMID:11410526, PMID:11390382, PMID:11378412, PMID:11274407, PMID:11262243, 
    PMID:11223179, PMID:11180842, PMID:11171988, PMID:11171343, PMID:11163268, PMID:11113191, PMID:11105053, PMID:11092806, PMID:11080159, PMID:11073974, PMID:11053444, PMID:11032171, PMID:11023972, PMID:10976044, PMID:10933926, PMID:10931948, PMID:10924515, PMID:10920384, PMID:10851134, PMID:10825207, PMID:10824105, PMID:10805730, PMID:10783141, PMID:10750019, PMID:10744760, PMID:10715536, PMID:10713076, PMID:10683169, PMID:10637229, PMID:10612429, 
    PMID:10611292, PMID:10600455, PMID:10529899, PMID:10528412, PMID:10504412, PMID:10502114, PMID:10498692, PMID:10488333, PMID:10409761, PMID:10377270, PMID:10373539, PMID:10207062, PMID:10102573, PMID:10022975"
"Smr"	"usp"	"7227.FBpp0305909"	"7227.FBpp0305937"	0	0	0	0	0	0	0	0	171	0	0	494	74	577	0	"PMID:24007644, PMID:23300902, PMID:22912598, PMID:22050674, PMID:21989237, PMID:21900267, PMID:20584983, PMID:20133788, PMID:19995917, PMID:19214204, PMID:19043594, PMID:18039873, PMID:17322404, PMID:17256009, PMID:17015464, PMID:16481466, PMID:16354717, PMID:15914712, PMID:15107428, PMID:14645129, PMID:12934068, PMID:12370123, PMID:11923209, PMID:11564603, PMID:11435614, PMID:11080159, PMID:11023972, PMID:10488333"
